date,Stock Name,sentiment_score,weight
2021-09-30,AAPL,-0.14285714285714285,0.03451581975071908
2021-10-01,AAPL,-0.09090909090909091,0.03677697457601764
2021-10-04,AAPL,-0.1,0.03757934939974909
2021-10-05,AAPL,-0.2,0.03063413100358222
2021-10-06,AAPL,0.0,0.03912478010225469
2021-10-07,AAPL,0.125,0.04379120297595497
2021-10-08,AAPL,0.14285714285714285,0.04085569993758157
2021-10-11,AAPL,0.0,0.03815360542443604
2021-10-12,AAPL,-0.30434782608695654,0.02772237199545386
2021-10-13,AAPL,-0.4,0.02415559412377619
2021-10-14,AAPL,0.06666666666666667,0.040891565099574666
2021-10-15,AAPL,-0.14285714285714285,0.03329096986950818
2021-10-18,AAPL,0.13043478260869565,0.04816531188124247
2021-10-19,AAPL,0.07142857142857142,0.040194659192410755
2021-10-20,AAPL,0.0,0.0384898729083701
2021-10-21,AAPL,0.0,0.042773025219420065
2021-10-22,AAPL,-0.1,0.035809392760543
2021-10-25,AAPL,-0.2,0.03153679864579476
2021-10-26,AAPL,0.3333333333333333,0.047448757086785864
2021-10-27,AAPL,0.0,0.03754652011394496
2021-10-28,AAPL,-0.2413793103448276,0.03068436769988857
2021-10-29,AAPL,0.0,0.039853995204868514
2021-11-01,AAPL,0.1111111111111111,0.04213719178063292
2021-11-02,AAPL,0.07692307692307693,0.04476477124521276
2021-11-03,AAPL,0.0,0.03810640480726953
2021-11-04,AAPL,-0.18181818181818182,0.03296089263417314
2021-11-05,AAPL,0.0,0.03663287240160957
2021-11-08,AAPL,0.0,0.03761691671962014
2021-11-09,AAPL,0.05,0.04154155907829879
2021-11-10,AAPL,0.0,0.0390647226299692
2021-11-11,AAPL,0.3333333333333333,0.04620972025682771
2021-11-12,AAPL,0.2222222222222222,0.046044370029300966
2021-11-15,AAPL,0.0,0.037866175530203085
2021-11-16,AAPL,0.0,0.03855032381662256
2021-11-17,AAPL,0.13333333333333333,0.04421660943244273
2021-11-18,AAPL,0.0425531914893617,0.04265259743498063
2021-11-19,AAPL,0.1,0.04377234701632286
2021-11-22,AAPL,0.045454545454545456,0.04042551778663692
2021-11-23,AAPL,0.125,0.040229284140557896
2021-11-24,AAPL,-0.125,0.033522701250704404
2021-11-26,AAPL,-0.07692307692307693,0.038809234133645454
2021-11-29,AAPL,-0.1,0.032812521355644955
2021-11-30,AAPL,-0.18518518518518517,0.028151855495846756
2021-12-01,AAPL,-0.037037037037037035,0.037493654423114635
2021-12-02,AAPL,-0.34615384615384615,0.02616327858253053
2021-12-03,AAPL,0.0,0.043220137734504865
2021-12-06,AAPL,-0.125,0.033380334404694484
2021-12-07,AAPL,0.18181818181818182,0.04657029817807364
2021-12-08,AAPL,-0.12903225806451613,0.03370901593504729
2021-12-09,AAPL,0.08695652173913043,0.04835906140377653
2021-12-10,AAPL,0.09375,0.044046715597076784
2021-12-13,AAPL,0.13513513513513514,0.04210499667732034
2021-12-14,AAPL,0.3333333333333333,0.05099946497716329
2021-12-15,AAPL,0.06666666666666667,0.037154753744868416
2021-12-16,AAPL,-0.05555555555555555,0.03717923063164848
2021-12-17,AAPL,0.07692307692307693,0.039930950319016216
2021-12-20,AAPL,0.0,0.0437862202189311
2021-12-21,AAPL,0.0,0.038327853452325034
2021-12-22,AAPL,0.06666666666666667,0.04366162242619697
2021-12-23,AAPL,0.2727272727272727,0.048216482164821654
2021-12-27,AAPL,-0.18181818181818182,0.03279116668474898
2021-12-28,AAPL,0.047619047619047616,0.04210526315789474
2021-12-29,AAPL,0.0,0.03666192174538764
2021-12-30,AAPL,0.25,0.04806909802050219
2021-12-31,AAPL,0.2,0.047592348868914475
2022-01-03,AAPL,0.2222222222222222,0.04530607787867357
2022-01-04,AAPL,0.07692307692307693,0.041249736927698157
2022-01-05,AAPL,-0.125,0.037051355341786316
2022-01-06,AAPL,0.0,0.041535758027584004
2022-01-07,AAPL,-0.05555555555555555,0.03839783165185966
2022-01-10,AAPL,-0.07142857142857142,0.03982702630440474
2022-01-11,AAPL,0.1111111111111111,0.03890004875307267
2022-01-12,AAPL,0.09090909090909091,0.04292681496258075
2022-01-13,AAPL,0.0,0.03742039171474148
2022-01-14,AAPL,-0.2727272727272727,0.027909331058922612
2022-01-18,AAPL,-0.2222222222222222,0.03332251433517257
2022-01-19,AAPL,-0.09090909090909091,0.03585144015116766
2022-01-20,AAPL,-0.5,0.02190735107086983
2022-01-21,AAPL,0.0,0.03993820880901247
2022-01-24,AAPL,0.0,0.04097845759963098
2022-01-25,AAPL,-0.08333333333333333,0.03588534484036953
2022-01-26,AAPL,0.3,0.04952621297970177
2022-01-27,AAPL,0.12087912087912088,0.04771752989572848
2022-01-28,AAPL,0.2391304347826087,0.04822585672483027
2022-01-31,AAPL,-0.13333333333333333,0.032614325942856834
2022-02-01,AAPL,-0.15789473684210525,0.030619021112930824
2022-02-02,AAPL,-0.16666666666666666,0.03570618819290242
2022-02-03,AAPL,0.0,0.040664514451770994
2022-02-04,AAPL,-0.23076923076923078,0.03002724492242995
2022-02-07,AAPL,-0.14285714285714285,0.03483796518149301
2022-02-08,AAPL,0.09523809523809523,0.04433330938516884
2022-02-09,AAPL,-0.2,0.031505135633394785
2022-02-10,AAPL,0.0,0.041180062981272796
2022-02-11,AAPL,-0.08333333333333333,0.040661743120683526
2022-02-14,AAPL,-0.2,0.030798982199626703
2022-02-15,AAPL,0.0,0.03903881700554528
2022-02-16,AAPL,-0.4,0.024809771482546
2022-02-17,AAPL,-0.25,0.030838128445404064
2022-02-18,AAPL,0.0,0.04019801339876037
2022-02-22,AAPL,0.21428571428571427,0.04894713267764403
2022-02-23,AAPL,-0.25,0.03224579894420421
2022-02-24,AAPL,0.0,0.04066835933436894
2022-02-25,AAPL,0.0,0.03650233884052573
2022-02-28,AAPL,-0.2,0.02994702937461953
2022-03-01,AAPL,-0.2727272727272727,0.030088055833624994
2022-03-02,AAPL,0.0,0.04144041154615605
2022-03-03,AAPL,-0.0625,0.03972691424871991
2022-03-04,AAPL,0.0,0.04059776044724075
2022-03-07,AAPL,-0.3,0.031129400164716464
2022-03-08,AAPL,0.21428571428571427,0.05171304726026781
2022-03-09,AAPL,0.2222222222222222,0.05125596761554773
2022-03-10,AAPL,-0.0625,0.03857469744008382
2022-03-11,AAPL,0.0,0.04105453813644597
2022-03-14,AAPL,-0.41935483870967744,0.024731072554711023
2022-03-15,AAPL,-0.06666666666666667,0.034895577627553916
2022-03-16,AAPL,-0.16666666666666666,0.03217435455105809
2022-03-17,AAPL,0.08333333333333333,0.04272411904327186
2022-03-18,AAPL,0.4444444444444444,0.05521415906073557
2022-03-21,AAPL,-0.07692307692307693,0.0341464378899953
2022-03-22,AAPL,0.0,0.0401822140001
2022-03-23,AAPL,0.0,0.03922940076330074
2022-03-24,AAPL,0.08333333333333333,0.04266553602842971
2022-03-25,AAPL,0.14285714285714285,0.04682279684921596
2022-03-28,AAPL,-0.15384615384615385,0.03243362506435243
2022-03-29,AAPL,0.24,0.04449585502963361
2022-03-30,AAPL,0.2,0.046725287219313606
2022-03-31,AAPL,-0.07692307692307693,0.038658509225629245
2022-04-01,AAPL,-0.07142857142857142,0.035419097957039396
2022-04-04,AAPL,0.21428571428571427,0.04643315302028089
2022-04-05,AAPL,-0.1111111111111111,0.034125251455599324
2022-04-06,AAPL,-0.3,0.029917286622649166
2022-04-07,AAPL,-0.16666666666666666,0.03444275339422722
2022-04-08,AAPL,0.0,0.039445933117280924
2022-04-11,AAPL,0.0,0.03898456860825923
2022-04-12,AAPL,0.2222222222222222,0.050363233865134666
2022-04-13,AAPL,-0.18181818181818182,0.033174799301437845
2022-04-14,AAPL,0.0,0.04033641544545243
2022-04-18,AAPL,0.0,0.03952532668421296
2022-04-19,AAPL,-0.08333333333333333,0.03652758568748545
2022-04-20,AAPL,-0.05263157894736842,0.04131357837290807
2022-04-21,AAPL,-0.14285714285714285,0.035810256887687256
2022-04-22,AAPL,-0.21052631578947367,0.03284423008582912
2022-04-25,AAPL,-0.1,0.041336559462121544
2022-04-26,AAPL,-0.42105263157894735,0.023146521332853134
2022-04-27,AAPL,-0.09090909090909091,0.040869608544410685
2022-04-28,AAPL,-0.06422018348623854,0.037725504217159006
2022-04-29,AAPL,-0.18181818181818182,0.03419121963841854
2022-05-02,AAPL,-0.15384615384615385,0.04055525340073319
2022-05-03,AAPL,0.14285714285714285,0.04375086284119735
2022-05-04,AAPL,-0.08333333333333333,0.03326444050612279
2022-05-05,AAPL,0.06666666666666667,0.04542776429009965
2022-05-06,AAPL,-0.11764705882352941,0.03426859416092256
2022-05-09,AAPL,-0.1875,0.031176696247596822
2022-05-10,AAPL,-0.15,0.03546168540327965
2022-05-11,AAPL,-0.3157894736842105,0.027288670719935234
2022-05-12,AAPL,-0.42857142857142855,0.026177291438520982
2022-05-13,AAPL,-0.2631578947368421,0.030847971838488173
2022-05-16,AAPL,-0.038461538461538464,0.03658271031429194
2022-05-17,AAPL,-0.16666666666666666,0.0324756841726069
2022-05-18,AAPL,-0.24324324324324326,0.03305510389479029
2022-05-19,AAPL,-0.15,0.03783962658492406
2022-05-20,AAPL,-0.2,0.033056991111299026
2022-05-23,AAPL,0.15789473684210525,0.04420226885012952
2022-05-24,AAPL,-0.09090909090909091,0.04273053280070346
2022-05-25,AAPL,-0.3076923076923077,0.02842745816080268
2022-05-26,AAPL,0.0625,0.04139417785486865
2022-05-27,AAPL,-0.058823529411764705,0.03446650749065168
2022-05-31,AAPL,0.125,0.047719451724045604
2022-06-01,AAPL,-0.3333333333333333,0.026006072192567356
2022-06-02,AAPL,0.18181818181818182,0.0467839597852165
2022-06-03,AAPL,-0.25,0.029915979040284067
2022-06-06,AAPL,0.08333333333333333,0.039461414389507975
2022-06-07,AAPL,-0.07692307692307693,0.04018661779461484
2022-06-08,AAPL,0.1111111111111111,0.047667115298340064
2022-06-09,AAPL,-0.1,0.035997002591509425
2022-06-10,AAPL,-0.23529411764705882,0.03566679409541024
2022-06-13,AAPL,-0.23076923076923078,0.03426422028594126
2022-06-14,AAPL,-0.3076923076923077,0.02903483633207755
2022-06-15,AAPL,-0.42857142857142855,0.023917267995705763
2022-06-16,AAPL,-0.25,0.03140812702949127
2022-06-17,AAPL,-0.3333333333333333,0.02781553905678135
2022-06-21,AAPL,0.2,0.046906926471023715
2022-06-22,AAPL,0.4,0.0498760796255231
2022-06-23,AAPL,0.0,0.04094488188976378
2022-06-24,AAPL,0.0,0.0383187552753647
2022-06-27,AAPL,-0.125,0.035946593632317704
2022-06-28,AAPL,-0.125,0.03363225681998645
2022-06-29,AAPL,-0.18181818181818182,0.035062658268943565
2022-06-30,AAPL,-0.15384615384615385,0.03633376444824798
2022-07-01,AAPL,-0.1,0.03972611386629896
2022-07-05,AAPL,0.0,0.041871270187933844
2022-07-06,AAPL,-0.10526315789473684,0.03413136198548774
2022-07-07,AAPL,0.14285714285714285,0.04019850328102408
2022-07-08,AAPL,-0.3333333333333333,0.024851130466191466
2022-07-11,AAPL,0.0,0.03998920926099307
2022-07-12,AAPL,0.08333333333333333,0.04653454760144856
2022-07-13,AAPL,0.0,0.04005372431930703
2022-07-14,AAPL,0.0,0.04152549874860173
2022-07-15,AAPL,0.0,0.04144440471934215
2022-07-18,AAPL,-0.2413793103448276,0.030907211466873263
2022-07-19,AAPL,-0.10526315789473684,0.039683736638262176
2022-07-20,AAPL,0.09090909090909091,0.04418097436424185
2022-07-21,AAPL,0.1,0.04111947837266967
2022-07-22,AAPL,-0.15384615384615385,0.0367358159498514
2022-07-25,AAPL,-0.04,0.040099017957402026
2022-07-26,AAPL,-0.3333333333333333,0.02952832387908929
2022-07-27,AAPL,0.18181818181818182,0.04493270688945739
2022-07-28,AAPL,0.1875,0.04492775977979014
2022-07-29,AAPL,0.14285714285714285,0.04948041228290791
2022-08-01,AAPL,0.0,0.03922916851949932
2022-08-02,AAPL,-0.058823529411764705,0.03531710479495388
2022-08-03,AAPL,0.1,0.04343635436007216
2022-08-04,AAPL,-0.1111111111111111,0.03476597696363689
2022-08-05,AAPL,-0.4,0.025579193269366016
2022-08-08,AAPL,0.0,0.03600654664484452
2022-08-09,AAPL,-0.11764705882352941,0.0344824644740253
2022-08-10,AAPL,-0.05555555555555555,0.03787568042954737
2022-08-11,AAPL,0.16,0.04365279610417537
2022-08-12,AAPL,-0.03571428571428571,0.035421895581605536
2022-08-15,AAPL,-0.15384615384615385,0.03238752869836485
2022-08-16,AAPL,-0.21428571428571427,0.031499337710615145
2022-08-17,AAPL,0.09090909090909091,0.044457083401327376
2022-08-18,AAPL,0.0,0.03961343412113673
2022-08-19,AAPL,-0.05555555555555555,0.034732161391471554
2022-08-22,AAPL,-0.17647058823529413,0.034290978118202704
2022-08-23,AAPL,-0.16666666666666666,0.03382557600123705
2022-08-24,AAPL,0.0,0.04199965968655195
2022-08-25,AAPL,0.2222222222222222,0.05212054174239666
2022-08-26,AAPL,0.0,0.039421397357850226
2022-08-29,AAPL,-0.2857142857142857,0.03034477947716294
2022-08-30,AAPL,-0.15384615384615385,0.03684189787842455
2022-08-31,AAPL,-0.1875,0.034912346139500186
2022-09-01,AAPL,-0.15789473684210525,0.03601520009646928
2022-09-02,AAPL,0.0,0.041355999602346157
2022-09-06,AAPL,0.05,0.04273435415082654
2022-09-07,AAPL,-0.0625,0.03871312517865206
2022-09-08,AAPL,-0.05263157894736842,0.037313135339844525
2022-09-09,AAPL,0.09090909090909091,0.040098017375807524
2022-09-12,AAPL,0.4166666666666667,0.05666666666666667
2022-09-13,AAPL,-0.14285714285714285,0.0342123837751782
2022-09-14,AAPL,0.13333333333333333,0.051437812646722966
2022-09-15,AAPL,-0.058823529411764705,0.03585109850445617
2022-09-16,AAPL,-0.1111111111111111,0.03516282786768274
2022-09-19,AAPL,0.0,0.03911606681204055
2022-09-20,AAPL,0.08333333333333333,0.04639719952817461
2022-09-21,AAPL,0.06666666666666667,0.04316048393447937
2022-09-22,AAPL,-0.16666666666666666,0.0501103981232319
2022-09-23,AAPL,0.0,0.04480255617684854
2022-09-26,AAPL,0.0,0.04407378457390633
2022-09-27,AAPL,-0.09090909090909091,0.036697461467665456
2022-09-28,AAPL,-0.36363636363636365,0.028603859250851304
2022-09-29,AAPL,-0.21875,0.03267567062924006
2021-09-30,AMD,0.3333333333333333,0.05369127516778523
2021-10-01,AMD,0.0,0.0404546720336194
2021-10-04,AMD,0.0,0.04175483266638788
2021-10-05,AMD,1.0,0.07658532750895555
2021-10-06,AMD,0.0,0.03912478010225469
2021-10-07,AMD,-0.16666666666666666,0.03243792813033702
2021-10-08,AMD,0.0,0.03574873744538388
2021-10-11,AMD,0.25,0.047692006780545054
2021-10-12,AMD,0.0,0.039850909743464925
2021-10-13,AMD,-0.08333333333333333,0.03690437991132473
2021-10-14,AMD,0.0,0.038335842280851254
2021-10-15,AMD,0.0,0.03883946484775954
2021-10-18,AMD,0.1111111111111111,0.047341973216605854
2021-10-19,AMD,0.0,0.03751501524625004
2021-10-20,AMD,0.5,0.05773480936255516
2021-10-21,AMD,0.2,0.05132763026330408
2021-10-22,AMD,0.4,0.055703499849733544
2021-10-25,AMD,0.16666666666666666,0.04599116469178403
2021-10-26,AMD,0.23809523809523808,0.04405956015201545
2021-10-27,AMD,0.375,0.051626465156674316
2021-10-28,AMD,0.0,0.04044757560439857
2021-10-29,AMD,0.0,0.039853995204868514
2021-11-01,AMD,0.0,0.037923472602569626
2021-11-02,AMD,0.0,0.04156728758484043
2021-11-03,AMD,0.0,0.03810640480726953
2021-11-04,AMD,0.0,0.04028553544176718
2021-11-05,AMD,0.2,0.04395944688193148
2021-11-08,AMD,0.13636363636363635,0.04274649627229561
2021-11-09,AMD,-0.1111111111111111,0.03516745742078204
2021-11-10,AMD,0.0,0.0390647226299692
2021-11-11,AMD,0.0,0.03465729019262079
2021-11-12,AMD,0.0,0.03767266638760988
2021-11-15,AMD,0.25,0.047332719412753854
2021-11-16,AMD,0.07692307692307693,0.041515733340978134
2021-11-17,AMD,1.0,0.07802931076313424
2021-11-18,AMD,0.08333333333333333,0.04432098134825367
2021-11-19,AMD,0.0,0.03979304274211169
2021-11-22,AMD,0.18181818181818182,0.045698411410980876
2021-11-23,AMD,0.0,0.03575936368049591
2021-11-24,AMD,-0.2,0.03064932685778688
2021-11-26,AMD,0.2,0.05045200437373908
2021-11-29,AMD,0.3,0.04739586418037604
2021-11-30,AMD,0.0,0.03455000447217556
2021-12-01,AMD,0.0,0.03893571805477288
2021-12-02,AMD,0.0,0.04001442606739963
2021-12-03,AMD,-0.16666666666666666,0.03601678144542072
2021-12-06,AMD,0.0,0.03814895360536512
2021-12-07,AMD,0.14285714285714285,0.04503501362275252
2021-12-08,AMD,0.25,0.048378680277151205
2021-12-09,AMD,0.125,0.050051628552908706
2021-12-10,AMD,0.2222222222222222,0.04922045679419374
2021-12-13,AMD,0.2222222222222222,0.04533527420018354
2021-12-14,AMD,0.25,0.047811998416090594
2021-12-15,AMD,0.2857142857142857,0.04478474781747532
2021-12-16,AMD,0.0,0.039366244198216035
2021-12-17,AMD,0.0,0.03707873958194363
2021-12-20,AMD,0.0,0.0437862202189311
2021-12-21,AMD,0.2,0.04599342414279004
2021-12-22,AMD,-0.14285714285714285,0.035085232306765426
2021-12-23,AMD,0.0,0.03788437884378844
2021-12-27,AMD,0.0,0.04007809261469321
2021-12-28,AMD,0.0,0.04019138755980861
2021-12-29,AMD,0.0,0.03666192174538764
2021-12-30,AMD,0.0,0.03845527841640175
2021-12-31,AMD,0.0,0.039660290724095396
2022-01-03,AMD,0.0,0.03706860917346019
2022-01-04,AMD,0.15,0.04404882621922054
2022-01-05,AMD,-0.1111111111111111,0.03763947209324324
2022-01-06,AMD,0.0,0.041535758027584004
2022-01-07,AMD,0.0,0.040656527631380814
2022-01-10,AMD,-0.08333333333333333,0.039316423403066215
2022-01-11,AMD,-0.1,0.031509039489988865
2022-01-12,AMD,-0.14285714285714285,0.03372821175631346
2022-01-13,AMD,0.0,0.03742039171474148
2022-01-14,AMD,-0.125,0.033578413930266275
2022-01-18,AMD,0.2,0.05141187925998053
2022-01-19,AMD,0.25,0.049295730207855534
2022-01-20,AMD,0.125,0.049291539909457116
2022-01-21,AMD,0.0,0.03993820880901247
2022-01-24,AMD,0.3333333333333333,0.054637943466174635
2022-01-25,AMD,0.2,0.046977178700120116
2022-01-26,AMD,0.4,0.05333592167044805
2022-01-27,AMD,0.058823529411764705,0.04507572893264316
2022-01-28,AMD,0.0,0.03891911244459987
2022-01-31,AMD,0.25,0.04703989318681274
2022-02-01,AMD,0.35135135135135137,0.049135253475142374
2022-02-02,AMD,0.23809523809523808,0.05304919388659789
2022-02-03,AMD,0.21428571428571427,0.04937833897715049
2022-02-04,AMD,-0.3333333333333333,0.026023612266105965
2022-02-07,AMD,0.0,0.04064429271174184
2022-02-08,AMD,0.25,0.05059779875481227
2022-02-09,AMD,0.2,0.04725770345009218
2022-02-10,AMD,0.4,0.0576520881737819
2022-02-11,AMD,0.0,0.04435826522256385
2022-02-14,AMD,0.46153846153846156,0.0562673713262411
2022-02-15,AMD,0.25,0.04879852125693161
2022-02-16,AMD,-0.16666666666666666,0.03445801594798056
2022-02-17,AMD,0.0,0.04111750459387209
2022-02-18,AMD,0.1111111111111111,0.044664459331955966
2022-02-22,AMD,0.16666666666666666,0.04702763727852074
2022-02-23,AMD,-0.125,0.03762009876823824
2022-02-24,AMD,0.2222222222222222,0.049705772519784266
2022-02-25,AMD,0.2222222222222222,0.044613969693975894
2022-02-28,AMD,0.3333333333333333,0.04991171562436588
2022-03-01,AMD,0.0,0.04137107677123437
2022-03-02,AMD,-0.15384615384615385,0.03506496361597819
2022-03-03,AMD,0.1,0.04661291271849803
2022-03-04,AMD,0.0,0.04059776044724075
2022-03-07,AMD,-0.1,0.040023514497492606
2022-03-08,AMD,0.05263157894736842,0.044828647779798725
2022-03-09,AMD,0.4444444444444444,0.060575234454738225
2022-03-10,AMD,0.0,0.04114634393608941
2022-03-11,AMD,0.0,0.04105453813644597
2022-03-14,AMD,-0.5,0.021296201366556716
2022-03-15,AMD,0.1,0.0411269307753314
2022-03-16,AMD,0.16666666666666666,0.045044096371481324
2022-03-17,AMD,0.0,0.03943764834763557
2022-03-18,AMD,0.0,0.038225187042047706
2022-03-21,AMD,0.0,0.03699197438082824
2022-03-22,AMD,0.09090909090909091,0.04383514254556363
2022-03-23,AMD,-0.2,0.03138352061064059
2022-03-24,AMD,0.1,0.04332192889040556
2022-03-25,AMD,0.0,0.040969947243063964
2022-03-28,AMD,0.2,0.045996777363990715
2022-03-29,AMD,0.125,0.040369223313175655
2022-03-30,AMD,0.0,0.038937739349428006
2022-03-31,AMD,-0.09090909090909091,0.03807277423736213
2022-04-01,AMD,0.25,0.04767955494216842
2022-04-04,AMD,0.0625,0.04062900889274579
2022-04-05,AMD,0.0,0.038390907887549244
2022-04-06,AMD,-0.16666666666666666,0.035615817407915674
2022-04-07,AMD,-0.25,0.030998478054804494
2022-04-08,AMD,0.0,0.039445933117280924
2022-04-11,AMD,0.0,0.03898456860825923
2022-04-12,AMD,-0.4,0.0247237693519752
2022-04-13,AMD,0.0,0.04054697692397959
2022-04-14,AMD,0.0,0.04033641544545243
2022-04-18,AMD,0.0,0.03952532668421296
2022-04-19,AMD,0.0,0.039848275295438676
2022-04-20,AMD,0.0,0.04360877717140296
2022-04-21,AMD,0.0,0.041778633035635136
2022-04-22,AMD,0.0,0.04160269144205021
2022-04-25,AMD,0.25,0.05741188814183547
2022-04-26,AMD,0.25,0.04997544378684199
2022-04-27,AMD,-0.3333333333333333,0.029971046265901177
2022-04-28,AMD,0.2,0.0483774112902392
2022-04-29,AMD,0.0,0.041789268446956004
2022-05-02,AMD,0.0,0.04792893583723014
2022-05-03,AMD,0.32653061224489793,0.05078225151210407
2022-05-04,AMD,0.3,0.047175024717774135
2022-05-05,AMD,0.3333333333333333,0.05678470536262456
2022-05-06,AMD,0.0,0.03883774004904557
2022-05-09,AMD,-0.2857142857142857,0.027408084613271932
2022-05-10,AMD,0.0,0.041719629886211355
2022-05-11,AMD,0.6666666666666666,0.06647240303573966
2022-05-12,AMD,0.0,0.045810260017411716
2022-05-13,AMD,0.16666666666666666,0.04884262207760627
2022-05-16,AMD,0.0,0.03804601872686361
2022-05-17,AMD,0.6666666666666666,0.0649513683452138
2022-05-18,AMD,0.375,0.060059943237409145
2022-05-19,AMD,0.2222222222222222,0.05440992057962937
2022-05-20,AMD,0.25,0.05165154861140473
2022-05-23,AMD,0.2222222222222222,0.04665795045291449
2022-05-24,AMD,0.0,0.047003586080773804
2022-05-25,AMD,0.0,0.041061884010048316
2022-05-26,AMD,0.0,0.03895922621634697
2022-05-27,AMD,0.0,0.03662066420881741
2022-05-31,AMD,0.25,0.053021613026717346
2022-06-01,AMD,0.6666666666666666,0.06501518048141838
2022-06-02,AMD,0.2222222222222222,0.0483834114018051
2022-06-03,AMD,0.2,0.04786556646445451
2022-06-06,AMD,0.5714285714285714,0.05724073296060499
2022-06-07,AMD,0.3333333333333333,0.05804733681444365
2022-06-08,AMD,0.0,0.042900403768506054
2022-06-09,AMD,0.21428571428571427,0.04856738444886192
2022-06-10,AMD,0.3333333333333333,0.06218825637148451
2022-06-13,AMD,0.0,0.04454348637172364
2022-06-14,AMD,0.0,0.04193920803522313
2022-06-15,AMD,0.0,0.04185521899248509
2022-06-16,AMD,-0.3333333333333333,0.02791833513732558
2022-06-17,AMD,0.14285714285714285,0.04768378124019659
2022-06-21,AMD,0.0,0.039089105392519766
2022-06-22,AMD,1.0,0.07125154232217587
2022-06-23,AMD,0.0,0.04094488188976378
2022-06-24,AMD,0.25,0.04789844409420588
2022-06-27,AMD,0.0,0.04108182129407737
2022-06-28,AMD,-0.5,0.01921843246856369
2022-06-29,AMD,-0.25,0.03214077007986494
2022-06-30,AMD,-0.5,0.02146995171941926
2022-07-01,AMD,-0.42857142857142855,0.025222929438919968
2022-07-05,AMD,-0.3333333333333333,0.027914180125289234
2022-07-06,AMD,0.0,0.03814681633672159
2022-07-07,AMD,0.2,0.04220842844507529
2022-07-08,AMD,0.0,0.03727669569928719
2022-07-11,AMD,0.14285714285714285,0.04570195344113494
2022-07-12,AMD,-0.3333333333333333,0.02863664467781451
2022-07-13,AMD,0.0,0.04005372431930703
2022-07-14,AMD,0.3333333333333333,0.05536733166480231
2022-07-15,AMD,0.0,0.04144440471934215
2022-07-18,AMD,0.5,0.061111986309499405
2022-07-19,AMD,0.0,0.04435241153688125
2022-07-20,AMD,0.0,0.040499226500555034
2022-07-21,AMD,0.0,0.03738134397515424
2022-07-22,AMD,0.1111111111111111,0.048238950237178606
2022-07-25,AMD,0.3333333333333333,0.055693080496391704
2022-07-26,AMD,0.0,0.04429248581863393
2022-07-27,AMD,0.0,0.03801998275261779
2022-07-28,AMD,0.0,0.037833902972454855
2022-07-29,AMD,0.375,0.05953112102787357
2022-08-01,AMD,0.15384615384615385,0.045264425214806905
2022-08-02,AMD,0.043478260869565216,0.039155920533535817
2022-08-03,AMD,-0.18181818181818182,0.03230803216864871
2022-08-04,AMD,0.0,0.039111724084091505
2022-08-05,AMD,-0.125,0.03730299018449211
2022-08-08,AMD,0.0,0.03600654664484452
2022-08-09,AMD,0.0,0.03908012640389535
2022-08-10,AMD,0.16666666666666666,0.0467876052364997
2022-08-11,AMD,0.0,0.03763172077946153
2022-08-12,AMD,0.25,0.04591727205022939
2022-08-15,AMD,-0.125,0.033491648994900015
2022-08-16,AMD,0.5,0.06013509926571982
2022-08-17,AMD,0.14285714285714285,0.046574087372819165
2022-08-18,AMD,0.2222222222222222,0.04841641948138934
2022-08-19,AMD,0.16666666666666666,0.0429044346600531
2022-08-22,AMD,0.2,0.04996685382938108
2022-08-23,AMD,0.14285714285714285,0.0463893613731251
2022-08-24,AMD,-0.2,0.03359972774924156
2022-08-25,AMD,-0.14285714285714285,0.03655206823492753
2022-08-26,AMD,0.0,0.039421397357850226
2022-08-29,AMD,0.0,0.04248269126802812
2022-08-30,AMD,0.2,0.052248509718493
2022-08-31,AMD,-0.2222222222222222,0.03342036553524804
2022-09-01,AMD,-0.3333333333333333,0.028512033409704856
2022-09-02,AMD,0.0,0.041355999602346157
2022-09-06,AMD,0.0,0.040699384905549085
2022-09-07,AMD,0.0,0.0412940001905622
2022-09-08,AMD,0.5,0.059079130954753825
2022-09-09,AMD,0.5,0.05513477389173535
2022-09-12,AMD,0.0,0.04
2022-09-13,AMD,-0.3333333333333333,0.026609631825138605
2022-09-14,AMD,0.0,0.04538630527652027
2022-09-15,AMD,0.0,0.038091792160984676
2022-09-16,AMD,0.0,0.03955818135114308
2022-09-19,AMD,0.0,0.03911606681204055
2022-09-20,AMD,-0.2,0.034262547343882795
2022-09-21,AMD,0.25,0.05057869211071802
2022-09-22,AMD,-0.6666666666666666,0.020044159249292766
2022-09-23,AMD,-0.3,0.03136178932379397
2022-09-26,AMD,-0.1,0.0396664061165157
2022-09-27,AMD,-0.2222222222222222,0.03139671703344712
2022-09-28,AMD,0.0,0.044948921679909194
2022-09-29,AMD,-0.125,0.036596751104748866
2021-09-30,AMZN,-0.2,0.03221476510067114
2021-10-01,AMZN,0.0,0.0404546720336194
2021-10-04,AMZN,-0.16666666666666666,0.03479569388865657
2021-10-05,AMZN,0.0,0.038292663754477776
2021-10-06,AMZN,-0.14285714285714285,0.03353552580193259
2021-10-07,AMZN,0.0,0.03892551375640442
2021-10-08,AMZN,0.25,0.044685921806729846
2021-10-11,AMZN,0.0,0.03815360542443604
2021-10-12,AMZN,-0.14285714285714285,0.03415792263725565
2021-10-13,AMZN,-0.25,0.030194492654720233
2021-10-14,AMZN,-0.1111111111111111,0.034076304249645556
2021-10-15,AMZN,0.0,0.03883946484775954
2021-10-18,AMZN,0.0,0.04260777589494527
2021-10-19,AMZN,0.25,0.04689376905781255
2021-10-20,AMZN,0.0,0.0384898729083701
2021-10-21,AMZN,-0.5,0.021386512609710032
2021-10-22,AMZN,-0.16666666666666666,0.03315684514865092
2021-10-25,AMZN,0.07142857142857142,0.04223678390061798
2021-10-26,AMZN,0.125,0.04003488879197557
2021-10-27,AMZN,0.0,0.03754652011394496
2021-10-28,AMZN,-0.25,0.03033568170329893
2021-10-29,AMZN,-0.25,0.029890496403651382
2021-11-01,AMZN,0.09090909090909091,0.04137106102098504
2021-11-02,AMZN,0.14285714285714285,0.04750547152553192
2021-11-03,AMZN,0.0,0.03810640480726953
2021-11-04,AMZN,0.0,0.04028553544176718
2021-11-05,AMZN,0.0,0.03663287240160957
2021-11-08,AMZN,0.14285714285714285,0.042990761965280164
2021-11-09,AMZN,0.0,0.039563389598379795
2021-11-10,AMZN,0.0,0.0390647226299692
2021-11-11,AMZN,0.5,0.051985935288931175
2021-11-12,AMZN,0.1,0.041439933026370876
2021-11-15,AMZN,0.0,0.037866175530203085
2021-11-16,AMZN,0.07142857142857142,0.04130391837495274
2021-11-17,AMZN,0.0,0.03901465538156712
2021-11-18,AMZN,-0.1111111111111111,0.03636593341395174
2021-11-19,AMZN,-0.05263157894736842,0.03769867207147423
2021-11-22,AMZN,0.0,0.03866788657852228
2021-11-23,AMZN,0.14285714285714285,0.04086784420628104
2021-11-24,AMZN,0.25,0.047889573215292004
2021-11-26,AMZN,-0.16666666666666666,0.03503611414842992
2021-11-29,AMZN,0.2,0.04375002847419327
2021-11-30,AMZN,0.4,0.04837000626104578
2021-12-01,AMZN,0.0,0.03893571805477288
2021-12-02,AMZN,-0.25,0.03001081955054972
2021-12-03,AMZN,0.0,0.043220137734504865
2021-12-06,AMZN,0.0,0.03814895360536512
2021-12-07,AMZN,0.09090909090909091,0.04298796754899104
2021-12-08,AMZN,0.25,0.048378680277151205
2021-12-09,AMZN,-0.14285714285714285,0.03813457413554949
2021-12-10,AMZN,-0.14285714285714285,0.03451824242709691
2021-12-13,AMZN,0.375,0.05100218347520648
2021-12-14,AMZN,0.5,0.0573743980993087
2021-12-15,AMZN,0.3333333333333333,0.046443442181085516
2021-12-16,AMZN,0.15384615384615385,0.04542258945948004
2021-12-17,AMZN,0.0,0.03707873958194363
2021-12-20,AMZN,-0.2222222222222222,0.03405594905916864
2021-12-21,AMZN,0.125,0.04311883513386566
2021-12-22,AMZN,-0.2857142857142857,0.02923769358897119
2021-12-23,AMZN,0.0,0.03788437884378844
2021-12-27,AMZN,-0.09090909090909091,0.03643462964972109
2021-12-28,AMZN,-0.08333333333333333,0.03684210526315789
2021-12-29,AMZN,0.0,0.03666192174538764
2021-12-30,AMZN,0.0,0.03845527841640175
2021-12-31,AMZN,0.0,0.039660290724095396
2022-01-03,AMZN,0.125,0.041702185320142714
2022-01-04,AMZN,0.36363636363636365,0.05223180974611131
2022-01-05,AMZN,0.07692307692307693,0.045601668112967765
2022-01-06,AMZN,-0.4,0.024921454816550403
2022-01-07,AMZN,0.0,0.040656527631380814
2022-01-10,AMZN,0.09090909090909091,0.04678979314083913
2022-01-11,AMZN,0.16666666666666666,0.0408450511907263
2022-01-12,AMZN,0.07692307692307693,0.042376471181009207
2022-01-13,AMZN,0.2,0.04490447005768978
2022-01-14,AMZN,0.1111111111111111,0.042639255784465105
2022-01-18,AMZN,0.0,0.04284323271665044
2022-01-19,AMZN,-0.1,0.035492925749655985
2022-01-20,AMZN,-0.2857142857142857,0.03129621581552833
2022-01-21,AMZN,-0.25,0.029953656606759353
2022-01-24,AMZN,-0.1,0.036880611839667884
2022-01-25,AMZN,-0.0625,0.036700920859468834
2022-01-26,AMZN,0.06666666666666667,0.04063689270129376
2022-01-27,AMZN,0.15384615384615385,0.04912098665736755
2022-01-28,AMZN,0.0,0.03891911244459987
2022-01-31,AMZN,0.13333333333333333,0.042649503156043544
2022-02-01,AMZN,0.0,0.03636008757160536
2022-02-02,AMZN,-0.36,0.02742235253214906
2022-02-03,AMZN,0.013215859030837005,0.041201930942323044
2022-02-04,AMZN,-0.02,0.03825471003117576
2022-02-07,AMZN,0.15789473684210525,0.047061812613595815
2022-02-08,AMZN,-0.09090909090909091,0.03679839909440892
2022-02-09,AMZN,0.0,0.03938141954174348
2022-02-10,AMZN,-0.3333333333333333,0.027453375320848534
2022-02-11,AMZN,-0.36363636363636365,0.02822798695981336
2022-02-14,AMZN,0.0,0.03849872774953338
2022-02-15,AMZN,-0.08333333333333333,0.03578558225508318
2022-02-16,AMZN,0.0,0.04134961913757667
2022-02-17,AMZN,0.15384615384615385,0.04744327453139087
2022-02-18,AMZN,0.15384615384615385,0.046382323152415805
2022-02-22,AMZN,0.2,0.04837128405790704
2022-02-23,AMZN,-0.2857142857142857,0.03071028470876591
2022-02-24,AMZN,-0.2,0.03253468746749515
2022-02-25,AMZN,0.0,0.03650233884052573
2022-02-28,AMZN,-0.16666666666666666,0.031194822265228676
2022-03-01,AMZN,0.5,0.06205661515685155
2022-03-02,AMZN,-0.6,0.016576164618462418
2022-03-03,AMZN,0.0,0.042375375198634574
2022-03-04,AMZN,-0.15384615384615385,0.03435195114766525
2022-03-07,AMZN,-0.15384615384615385,0.03762894525405287
2022-03-08,AMZN,-0.08333333333333333,0.039038280774908056
2022-03-09,AMZN,0.09375,0.04586826647414073
2022-03-10,AMZN,0.03333333333333333,0.042517888733959064
2022-03-11,AMZN,0.0,0.04105453813644597
2022-03-14,AMZN,0.0,0.04259240273311343
2022-03-15,AMZN,0.4,0.05234336644133086
2022-03-16,AMZN,0.0,0.03860922546126971
2022-03-17,AMZN,0.0,0.03943764834763557
2022-03-18,AMZN,0.0,0.038225187042047706
2022-03-21,AMZN,0.6666666666666666,0.06165329063471373
2022-03-22,AMZN,0.0,0.0401822140001
2022-03-23,AMZN,0.0,0.03922940076330074
2022-03-24,AMZN,0.0,0.0393835717185505
2022-03-25,AMZN,0.0,0.040969947243063964
2022-03-28,AMZN,0.14285714285714285,0.04380645463237211
2022-03-29,AMZN,0.0625,0.0381264886846659
2022-03-30,AMZN,0.0,0.038937739349428006
2022-03-31,AMZN,0.0,0.041880051661098344
2022-04-01,AMZN,-0.07692307692307693,0.03520951749575514
2022-04-04,AMZN,0.25,0.04779883399146563
2022-04-05,AMZN,0.09090909090909091,0.041880990422780984
2022-04-06,AMZN,-0.25,0.032054235667124106
2022-04-07,AMZN,0.0,0.041331304073072665
2022-04-08,AMZN,-0.1111111111111111,0.035063051659805264
2022-04-11,AMZN,0.25,0.048730710760324036
2022-04-12,AMZN,-0.125,0.0360554969716305
2022-04-13,AMZN,0.16666666666666666,0.047304806411309526
2022-04-14,AMZN,0.08333333333333333,0.04369778339924013
2022-04-18,AMZN,0.0,0.03952532668421296
2022-04-19,AMZN,0.0,0.039848275295438676
2022-04-20,AMZN,-0.045454545454545456,0.04162656002724828
2022-04-21,AMZN,0.07142857142857142,0.04476282110960907
2022-04-22,AMZN,-0.0625,0.039002523226922076
2022-04-25,AMZN,-0.2,0.0367436084107747
2022-04-26,AMZN,-0.14285714285714285,0.034268875739548794
2022-04-27,AMZN,-0.46153846153846156,0.024207383522458638
2022-04-28,AMZN,-0.2743362831858407,0.02925477673893521
2022-04-29,AMZN,-0.37037037037037035,0.026311761614750077
2022-05-02,AMZN,-0.3333333333333333,0.031952623891486766
2022-05-03,AMZN,0.0,0.03828200498604768
2022-05-04,AMZN,0.125,0.04082454062115069
2022-05-05,AMZN,-0.23076923076923078,0.03276040693997571
2022-05-06,AMZN,-0.26666666666666666,0.028481009369300085
2022-05-09,AMZN,-0.21052631578947367,0.03029314615151108
2022-05-10,AMZN,-0.09090909090909091,0.03792693626019214
2022-05-11,AMZN,-0.10714285714285714,0.0356102159120034
2022-05-12,AMZN,-0.3,0.0320671820121882
2022-05-13,AMZN,0.0,0.04186510463794823
2022-05-16,AMZN,0.0,0.03804601872686361
2022-05-17,AMZN,0.0,0.03897082100712828
2022-05-18,AMZN,-0.3157894736842105,0.02988628754397393
2022-05-19,AMZN,-0.5333333333333333,0.02077469694858576
2022-05-20,AMZN,-0.2727272727272727,0.03005181010118093
2022-05-23,AMZN,-0.5,0.01908734336710138
2022-05-24,AMZN,-0.23529411764705882,0.03594391876765055
2022-05-25,AMZN,0.0,0.041061884010048316
2022-05-26,AMZN,-0.08333333333333333,0.03571262403165138
2022-05-27,AMZN,0.08695652173913043,0.03980506979219284
2022-05-31,AMZN,-0.11764705882352941,0.03742702096003577
2022-06-01,AMZN,-0.10526315789473684,0.03490288636370882
2022-06-02,AMZN,-0.047619047619047616,0.037701359533874094
2022-06-03,AMZN,-0.23809523809523808,0.030390835850447308
2022-06-06,AMZN,0.07317073170731707,0.03909123226577902
2022-06-07,AMZN,-0.09090909090909091,0.039577729646211576
2022-06-08,AMZN,-0.08333333333333333,0.03932537012113055
2022-06-09,AMZN,0.0,0.039996669546121584
2022-06-10,AMZN,-0.07142857142857142,0.043309678544426716
2022-06-13,AMZN,-0.2,0.03563478909737891
2022-06-14,AMZN,-0.2,0.033551366428178506
2022-06-15,AMZN,0.2,0.05022626279098211
2022-06-16,AMZN,0.09090909090909091,0.04568454840653276
2022-06-17,AMZN,0.0,0.041723308585172016
2022-06-21,AMZN,0.0,0.039089105392519766
2022-06-22,AMZN,0.3333333333333333,0.04750102821478391
2022-06-23,AMZN,0.375,0.0562992125984252
2022-06-24,AMZN,0.25,0.04789844409420588
2022-06-27,AMZN,0.2,0.049298185552892844
2022-06-28,AMZN,-0.14285714285714285,0.032945884231823465
2022-06-29,AMZN,-0.1111111111111111,0.03809276453909919
2022-06-30,AMZN,-0.3333333333333333,0.02862660229255902
2022-07-01,AMZN,-0.3333333333333333,0.0294267510120733
2022-07-05,AMZN,-0.1111111111111111,0.03721890683371897
2022-07-06,AMZN,0.4,0.053405542871410215
2022-07-07,AMZN,0.0,0.03517369037089608
2022-07-08,AMZN,-0.09090909090909091,0.03388790518117017
2022-07-11,AMZN,0.125,0.0449878604186172
2022-07-12,AMZN,-0.3,0.030068476911705222
2022-07-13,AMZN,0.0,0.04005372431930703
2022-07-14,AMZN,0.16666666666666666,0.04844641520670202
2022-07-15,AMZN,-0.07142857142857142,0.038484090096531996
2022-07-18,AMZN,-0.1,0.036667191785699646
2022-07-19,AMZN,-0.25,0.03326430865266094
2022-07-20,AMZN,0.2222222222222222,0.04949905461178949
2022-07-21,AMZN,0.25,0.0467266799689428
2022-07-22,AMZN,-0.08333333333333333,0.03979713394567235
2022-07-25,AMZN,-0.18181818181818182,0.03417529939551309
2022-07-26,AMZN,-0.47368421052631576,0.02331183464138628
2022-07-27,AMZN,0.15384615384615385,0.04386921086840514
2022-07-28,AMZN,0.13402061855670103,0.04290442605123746
2022-07-29,AMZN,0.15384615384615385,0.04995618547793586
2022-08-01,AMZN,0.18181818181818182,0.04636174461395375
2022-08-02,AMZN,0.0,0.03752442384463849
2022-08-03,AMZN,0.14285714285714285,0.04512867985462043
2022-08-04,AMZN,-0.125,0.03422275857358007
2022-08-05,AMZN,0.06666666666666667,0.045474121367761806
2022-08-08,AMZN,0.1111111111111111,0.04000727404982724
2022-08-09,AMZN,-0.1,0.03517211376350582
2022-08-10,AMZN,-0.23076923076923078,0.030848970485604192
2022-08-11,AMZN,0.2222222222222222,0.04599432539711965
2022-08-12,AMZN,0.13333333333333333,0.04163165999220798
2022-08-15,AMZN,0.14285714285714285,0.043744194605583694
2022-08-16,AMZN,0.06666666666666667,0.04276273725562298
2022-08-17,AMZN,-0.125,0.03565828564481467
2022-08-18,AMZN,0.0,0.03961343412113673
2022-08-19,AMZN,0.3333333333333333,0.04903363961148925
2022-08-22,AMZN,0.125,0.04684392546504477
2022-08-23,AMZN,-0.08333333333333333,0.03720813360136076
2022-08-24,AMZN,-0.2727272727272727,0.030545207044765054
2022-08-25,AMZN,0.25,0.05330509950926931
2022-08-26,AMZN,0.125,0.044349072027581496
2022-08-29,AMZN,-0.25,0.03186201845102108
2022-08-30,AMZN,-0.3333333333333333,0.02902694984360723
2022-08-31,AMZN,0.0,0.042969041402461765
2022-09-01,AMZN,-0.125,0.03742204385023762
2022-09-02,AMZN,-0.375,0.025847499751466347
2022-09-06,AMZN,-0.4,0.024419630943329454
2022-09-07,AMZN,0.0,0.0412940001905622
2022-09-08,AMZN,0.0,0.03938608730316922
2022-09-09,AMZN,0.0,0.03675651592782357
2022-09-12,AMZN,0.0,0.04
2022-09-13,AMZN,0.14285714285714285,0.0456165117002376
2022-09-14,AMZN,-0.4444444444444444,0.025214614042511258
2022-09-15,AMZN,0.2,0.04571015059318161
2022-09-16,AMZN,-0.1111111111111111,0.03516282786768274
2022-09-19,AMZN,0.1,0.04302767349324461
2022-09-20,AMZN,-0.25,0.03212113813489011
2022-09-21,AMZN,-0.16666666666666666,0.033719128073812006
2022-09-22,AMZN,-0.42857142857142855,0.034361415855930444
2022-09-23,AMZN,0.0,0.04480255617684854
2022-09-26,AMZN,-0.2857142857142857,0.031481274695647384
2022-09-27,AMZN,-0.4,0.0242203245686592
2022-09-28,AMZN,0.1,0.049443813847900114
2022-09-29,AMZN,0.0,0.041824858405427275
2021-09-30,BA,0.0,0.040268456375838924
2021-10-01,BA,0.0,0.0404546720336194
2021-10-04,BA,0.0,0.04175483266638788
2021-10-05,BA,0.0,0.038292663754477776
2021-10-06,BA,0.0,0.03912478010225469
2021-10-07,BA,0.0,0.03892551375640442
2021-10-08,BA,0.5,0.05362310616807581
2021-10-11,BA,0.0,0.03815360542443604
2021-10-12,BA,0.0,0.039850909743464925
2021-10-13,BA,0.0,0.04025932353962698
2021-10-14,BA,0.0,0.038335842280851254
2021-10-15,BA,0.0,0.03883946484775954
2021-10-18,BA,0.0,0.04260777589494527
2021-10-19,BA,0.0,0.03751501524625004
2021-10-20,BA,0.0,0.0384898729083701
2021-10-21,BA,0.0,0.042773025219420065
2021-10-22,BA,0.0,0.039788214178381104
2021-10-25,BA,0.0,0.03942099830724345
2021-10-26,BA,0.0,0.035586567815089405
2021-10-27,BA,0.0,0.03754652011394496
2021-10-28,BA,0.0,0.04044757560439857
2021-10-29,BA,0.0,0.039853995204868514
2021-11-01,BA,0.0,0.037923472602569626
2021-11-02,BA,0.0,0.04156728758484043
2021-11-03,BA,0.0,0.03810640480726953
2021-11-04,BA,0.0,0.04028553544176718
2021-11-05,BA,0.0,0.03663287240160957
2021-11-08,BA,0.0,0.03761691671962014
2021-11-09,BA,0.0,0.039563389598379795
2021-11-10,BA,0.0,0.0390647226299692
2021-11-11,BA,1.0,0.06931458038524158
2021-11-12,BA,0.25,0.04709083298451235
2021-11-15,BA,0.125,0.042599447471478466
2021-11-16,BA,0.0,0.03855032381662256
2021-11-17,BA,0.0,0.03901465538156712
2021-11-18,BA,0.0,0.0409116750906957
2021-11-19,BA,0.3333333333333333,0.05305739032281558
2021-11-22,BA,0.0,0.03866788657852228
2021-11-23,BA,0.0,0.03575936368049591
2021-11-24,BA,0.0,0.038311658572233606
2021-11-26,BA,0.0,0.04204333697811591
2021-11-29,BA,0.0,0.03645835706182772
2021-11-30,BA,0.0,0.03455000447217556
2021-12-01,BA,0.0,0.03893571805477288
2021-12-02,BA,0.0,0.04001442606739963
2021-12-03,BA,0.0,0.043220137734504865
2021-12-06,BA,0.0,0.03814895360536512
2021-12-07,BA,0.0,0.03940563691990846
2021-12-08,BA,0.0,0.038702944221720964
2021-12-09,BA,0.0,0.04449033649147441
2021-12-10,BA,0.0,0.04027128283161306
2021-12-13,BA,0.0,0.037092497072877435
2021-12-14,BA,0.0,0.038249598732872474
2021-12-15,BA,0.3333333333333333,0.046443442181085516
2021-12-16,BA,0.0,0.039366244198216035
2021-12-17,BA,-0.5,0.018539369790971816
2021-12-20,BA,0.0,0.0437862202189311
2021-12-21,BA,0.0,0.038327853452325034
2021-12-22,BA,0.0,0.04093277102455967
2021-12-23,BA,0.0,0.03788437884378844
2021-12-27,BA,0.0,0.04007809261469321
2021-12-28,BA,0.0,0.04019138755980861
2021-12-29,BA,0.0,0.03666192174538764
2021-12-30,BA,0.0,0.03845527841640175
2021-12-31,BA,0.0,0.039660290724095396
2022-01-03,BA,0.0,0.03706860917346019
2022-01-04,BA,-0.2,0.030642661717718636
2022-01-05,BA,0.0,0.042344406104898646
2022-01-06,BA,0.0,0.041535758027584004
2022-01-07,BA,0.0,0.040656527631380814
2022-01-10,BA,0.0,0.04289064371243587
2022-01-11,BA,0.0,0.0350100438777654
2022-01-12,BA,0.16666666666666666,0.045907843779426645
2022-01-13,BA,0.0,0.03742039171474148
2022-01-14,BA,0.0,0.0383753302060186
2022-01-18,BA,-0.25,0.03213242453748783
2022-01-19,BA,0.0,0.03943658416628443
2022-01-20,BA,0.0,0.04381470214173966
2022-01-21,BA,0.0,0.03993820880901247
2022-01-24,BA,0.0,0.04097845759963098
2022-01-25,BA,0.0,0.03914764891676676
2022-01-26,BA,0.0,0.0380970869074629
2022-01-27,BA,0.0,0.04257152176971855
2022-01-28,BA,0.0,0.03891911244459987
2022-01-31,BA,0.0,0.03763191454945019
2022-02-01,BA,0.0,0.03636008757160536
2022-02-02,BA,0.0,0.042847425831482905
2022-02-03,BA,0.0,0.040664514451770994
2022-02-04,BA,0.0,0.03903541839915894
2022-02-07,BA,0.0,0.04064429271174184
2022-02-08,BA,0.0,0.040478239003849815
2022-02-09,BA,0.0,0.03938141954174348
2022-02-10,BA,0.0,0.041180062981272796
2022-02-11,BA,0.0,0.04435826522256385
2022-02-14,BA,0.0,0.03849872774953338
2022-02-15,BA,0.0,0.03903881700554528
2022-02-16,BA,0.0,0.04134961913757667
2022-02-17,BA,0.0,0.04111750459387209
2022-02-18,BA,0.0,0.04019801339876037
2022-02-22,BA,0.0,0.040309403381589205
2022-02-23,BA,0.3333333333333333,0.05732586478969636
2022-02-24,BA,0.0,0.04066835933436894
2022-02-25,BA,0.0,0.03650233884052573
2022-02-28,BA,0.0,0.03743378671827441
2022-03-01,BA,-0.5,0.020685538385617184
2022-03-02,BA,0.0,0.04144041154615605
2022-03-03,BA,0.5,0.06356306279795185
2022-03-04,BA,0.0,0.04059776044724075
2022-03-07,BA,0.0,0.044470571663880666
2022-03-08,BA,1.0,0.08517443078161757
2022-03-09,BA,0.0,0.041936700776357236
2022-03-10,BA,0.0,0.04114634393608941
2022-03-11,BA,0.0,0.04105453813644597
2022-03-14,BA,0.0,0.04259240273311343
2022-03-15,BA,0.0,0.037388118886664906
2022-03-16,BA,0.0,0.03860922546126971
2022-03-17,BA,0.0,0.03943764834763557
2022-03-18,BA,1.0,0.07645037408409541
2022-03-21,BA,-1.0,0.0
2022-03-22,BA,0.0,0.0401822140001
2022-03-23,BA,0.0,0.03922940076330074
2022-03-24,BA,0.0,0.0393835717185505
2022-03-25,BA,-1.0,0.0
2022-03-28,BA,0.0,0.038330647803325596
2022-03-29,BA,0.0,0.03588375405615614
2022-03-30,BA,0.0,0.038937739349428006
2022-03-31,BA,0.0,0.041880051661098344
2022-04-01,BA,0.0,0.038143643953734735
2022-04-04,BA,0.0,0.0382390671931725
2022-04-05,BA,0.0,0.038390907887549244
2022-04-06,BA,0.0,0.04273898088949882
2022-04-07,BA,0.0,0.041331304073072665
2022-04-08,BA,0.0,0.039445933117280924
2022-04-11,BA,0.0,0.03898456860825923
2022-04-12,BA,0.0,0.041206282253291995
2022-04-13,BA,0.0,0.04054697692397959
2022-04-14,BA,0.0,0.04033641544545243
2022-04-18,BA,0.0,0.03952532668421296
2022-04-19,BA,0.0,0.039848275295438676
2022-04-20,BA,0.0,0.04360877717140296
2022-04-21,BA,0.0,0.041778633035635136
2022-04-22,BA,0.0,0.04160269144205021
2022-04-25,BA,0.0,0.04592951051346838
2022-04-26,BA,0.0,0.03998035502947359
2022-04-27,BA,-0.5,0.02247828469942588
2022-04-28,BA,0.0,0.040314509408532664
2022-04-29,BA,0.0,0.041789268446956004
2022-05-02,BA,0.0,0.04792893583723014
2022-05-03,BA,1.0,0.07656400997209536
2022-05-04,BA,0.0,0.03628848055213395
2022-05-05,BA,0.0,0.04258852902196842
2022-05-06,BA,0.0,0.03883774004904557
2022-05-09,BA,1.0,0.0767426369171614
2022-05-10,BA,0.0,0.041719629886211355
2022-05-11,BA,0.0,0.0398834418214438
2022-05-12,BA,0.0,0.045810260017411716
2022-05-13,BA,0.0,0.04186510463794823
2022-05-16,BA,0.0,0.03804601872686361
2022-05-17,BA,0.0,0.03897082100712828
2022-05-18,BA,0.0,0.043679958718115745
2022-05-19,BA,0.5,0.06677581162045422
2022-05-20,BA,0.0,0.041321238889123785
2022-05-23,BA,0.0,0.03817468673420276
2022-05-24,BA,0.0,0.047003586080773804
2022-05-25,BA,0.0,0.041061884010048316
2022-05-26,BA,0.0,0.03895922621634697
2022-05-27,BA,0.0,0.03662066420881741
2022-05-31,BA,-1.0,0.0
2022-06-01,BA,1.0,0.07801821657770205
2022-06-02,BA,0.0,0.039586427510567804
2022-06-03,BA,0.5,0.05983195808056813
2022-06-06,BA,0.0,0.03642592097493045
2022-06-07,BA,0.0,0.043535502610832735
2022-06-08,BA,-1.0,0.0
2022-06-09,BA,0.0,0.039996669546121584
2022-06-10,BA,-0.5,0.023320596139306694
2022-06-13,BA,0.5,0.06681522955758545
2022-06-14,BA,0.0,0.04193920803522313
2022-06-15,BA,0.0,0.04185521899248509
2022-06-16,BA,0.0,0.04187750270598836
2022-06-17,BA,0.0,0.041723308585172016
2022-06-21,BA,0.0,0.039089105392519766
2022-06-22,BA,0.0,0.035625771161087935
2022-06-23,BA,0.0,0.04094488188976378
2022-06-24,BA,0.0,0.0383187552753647
2022-06-27,BA,0.0,0.04108182129407737
2022-06-28,BA,0.0,0.03843686493712738
2022-06-29,BA,0.0,0.04285436010648659
2022-06-30,BA,0.0,0.04293990343883852
2022-07-01,BA,1.0,0.08828025303621989
2022-07-05,BA,0.0,0.041871270187933844
2022-07-06,BA,1.0,0.07629363267344318
2022-07-07,BA,0.5,0.05276053555634411
2022-07-08,BA,0.0,0.03727669569928719
2022-07-11,BA,0.0,0.03998920926099307
2022-07-12,BA,0.0,0.04295496701672175
2022-07-13,BA,0.0,0.04005372431930703
2022-07-14,BA,0.0,0.04152549874860173
2022-07-15,BA,0.0,0.04144440471934215
2022-07-18,BA,0.0,0.04074132420633294
2022-07-19,BA,-1.0,0.0
2022-07-20,BA,1.0,0.08099845300111007
2022-07-21,BA,0.0,0.03738134397515424
2022-07-22,BA,0.0,0.04341505521346075
2022-07-25,BA,-0.5,0.020884905186146892
2022-07-26,BA,0.0,0.04429248581863393
2022-07-27,BA,0.0,0.03801998275261779
2022-07-28,BA,0.0,0.037833902972454855
2022-07-29,BA,0.0,0.04329536074754442
2022-08-01,BA,0.0,0.03922916851949932
2022-08-02,BA,0.0,0.03752442384463849
2022-08-03,BA,0.0,0.039487594872792874
2022-08-04,BA,0.0,0.039111724084091505
2022-08-05,BA,0.0,0.0426319887822767
2022-08-08,BA,0.5,0.054009819967266774
2022-08-09,BA,0.0,0.03908012640389535
2022-08-10,BA,0.0,0.04010366163128545
2022-08-11,BA,0.0,0.03763172077946153
2022-08-12,BA,0.0,0.03673381764018351
2022-08-15,BA,0.0,0.03827617027988573
2022-08-16,BA,0.0,0.04009006617714655
2022-08-17,BA,0.0,0.04075232645121677
2022-08-18,BA,0.0,0.03961343412113673
2022-08-19,BA,-1.0,0.0
2022-08-22,BA,0.0,0.041639044857817574
2022-08-23,BA,0.0,0.04059069120148446
2022-08-24,BA,0.0,0.04199965968655195
2022-08-25,BA,0.0,0.042644079607415446
2022-08-26,BA,0.0,0.039421397357850226
2022-08-29,BA,0.0,0.04248269126802812
2022-08-30,BA,0.0,0.04354042476541083
2022-08-31,BA,0.0,0.042969041402461765
2022-09-01,BA,0.0,0.042768050114557275
2022-09-02,BA,0.0,0.041355999602346157
2022-09-06,BA,0.0,0.040699384905549085
2022-09-07,BA,0.0,0.0412940001905622
2022-09-08,BA,0.0,0.03938608730316922
2022-09-09,BA,0.0,0.03675651592782357
2022-09-12,BA,0.0,0.04
2022-09-13,BA,0.0,0.0399144477377079
2022-09-14,BA,0.0,0.04538630527652027
2022-09-15,BA,-0.5,0.019045896080492338
2022-09-16,BA,0.0,0.03955818135114308
2022-09-19,BA,0.0,0.03911606681204055
2022-09-20,BA,0.0,0.04282818417985349
2022-09-21,BA,0.0,0.040462953688574416
2022-09-22,BA,-0.3333333333333333,0.04008831849858553
2022-09-23,BA,-1.0,0.0
2022-09-26,BA,0.0,0.04407378457390633
2022-09-27,BA,0.0,0.040367207614432
2022-09-28,BA,0.0,0.044948921679909194
2022-09-29,BA,0.0,0.041824858405427275
2021-09-30,BX,0.0,0.040268456375838924
2021-10-01,BX,0.0,0.0404546720336194
2021-10-04,BX,0.0,0.04175483266638788
2021-10-05,BX,0.0,0.038292663754477776
2021-10-06,BX,0.0,0.03912478010225469
2021-10-07,BX,0.0,0.03892551375640442
2021-10-08,BX,0.0,0.03574873744538388
2021-10-11,BX,0.0,0.03815360542443604
2021-10-12,BX,0.0,0.039850909743464925
2021-10-13,BX,0.0,0.04025932353962698
2021-10-14,BX,0.0,0.038335842280851254
2021-10-15,BX,0.0,0.03883946484775954
2021-10-18,BX,0.0,0.04260777589494527
2021-10-19,BX,0.0,0.03751501524625004
2021-10-20,BX,0.0,0.0384898729083701
2021-10-21,BX,1.0,0.08554605043884013
2021-10-22,BX,0.0,0.039788214178381104
2021-10-25,BX,0.0,0.03942099830724345
2021-10-26,BX,0.0,0.035586567815089405
2021-10-27,BX,0.0,0.03754652011394496
2021-10-28,BX,0.0,0.04044757560439857
2021-10-29,BX,0.0,0.039853995204868514
2021-11-01,BX,0.0,0.037923472602569626
2021-11-02,BX,0.0,0.04156728758484043
2021-11-03,BX,1.0,0.07621280961453906
2021-11-04,BX,0.0,0.04028553544176718
2021-11-05,BX,0.0,0.03663287240160957
2021-11-08,BX,0.0,0.03761691671962014
2021-11-09,BX,0.0,0.039563389598379795
2021-11-10,BX,0.0,0.0390647226299692
2021-11-11,BX,0.0,0.03465729019262079
2021-11-12,BX,0.0,0.03767266638760988
2021-11-15,BX,0.0,0.037866175530203085
2021-11-16,BX,0.0,0.03855032381662256
2021-11-17,BX,0.0,0.03901465538156712
2021-11-18,BX,0.0,0.0409116750906957
2021-11-19,BX,0.0,0.03979304274211169
2021-11-22,BX,0.0,0.03866788657852228
2021-11-23,BX,0.0,0.03575936368049591
2021-11-24,BX,0.0,0.038311658572233606
2021-11-26,BX,0.0,0.04204333697811591
2021-11-29,BX,1.0,0.07291671412365544
2021-11-30,BX,0.0,0.03455000447217556
2021-12-01,BX,0.0,0.03893571805477288
2021-12-02,BX,0.0,0.04001442606739963
2021-12-03,BX,0.0,0.043220137734504865
2021-12-06,BX,0.0,0.03814895360536512
2021-12-07,BX,0.0,0.03940563691990846
2021-12-08,BX,0.0,0.038702944221720964
2021-12-09,BX,0.0,0.04449033649147441
2021-12-10,BX,0.0,0.04027128283161306
2021-12-13,BX,0.0,0.037092497072877435
2021-12-14,BX,0.0,0.038249598732872474
2021-12-15,BX,0.0,0.03483258163581414
2021-12-16,BX,0.0,0.039366244198216035
2021-12-17,BX,0.0,0.03707873958194363
2021-12-20,BX,0.0,0.0437862202189311
2021-12-21,BX,0.0,0.038327853452325034
2021-12-22,BX,0.0,0.04093277102455967
2021-12-23,BX,0.0,0.03788437884378844
2021-12-27,BX,0.0,0.04007809261469321
2021-12-28,BX,0.0,0.04019138755980861
2021-12-29,BX,0.0,0.03666192174538764
2021-12-30,BX,0.0,0.03845527841640175
2021-12-31,BX,0.0,0.039660290724095396
2022-01-03,BX,0.0,0.03706860917346019
2022-01-04,BX,0.0,0.03830332714714829
2022-01-05,BX,0.0,0.042344406104898646
2022-01-06,BX,0.0,0.041535758027584004
2022-01-07,BX,0.0,0.040656527631380814
2022-01-10,BX,0.0,0.04289064371243587
2022-01-11,BX,0.0,0.0350100438777654
2022-01-12,BX,0.0,0.0393495803823657
2022-01-13,BX,0.0,0.03742039171474148
2022-01-14,BX,0.0,0.0383753302060186
2022-01-18,BX,0.0,0.04284323271665044
2022-01-19,BX,0.0,0.03943658416628443
2022-01-20,BX,0.0,0.04381470214173966
2022-01-21,BX,0.0,0.03993820880901247
2022-01-24,BX,0.0,0.04097845759963098
2022-01-25,BX,0.0,0.03914764891676676
2022-01-26,BX,0.0,0.0380970869074629
2022-01-27,BX,-1.0,0.0
2022-01-28,BX,0.0,0.03891911244459987
2022-01-31,BX,0.0,0.03763191454945019
2022-02-01,BX,0.0,0.03636008757160536
2022-02-02,BX,0.0,0.042847425831482905
2022-02-03,BX,0.0,0.040664514451770994
2022-02-04,BX,0.0,0.03903541839915894
2022-02-07,BX,0.0,0.04064429271174184
2022-02-08,BX,0.0,0.040478239003849815
2022-02-09,BX,0.0,0.03938141954174348
2022-02-10,BX,0.0,0.041180062981272796
2022-02-11,BX,0.0,0.04435826522256385
2022-02-14,BX,0.0,0.03849872774953338
2022-02-15,BX,0.0,0.03903881700554528
2022-02-16,BX,0.0,0.04134961913757667
2022-02-17,BX,0.0,0.04111750459387209
2022-02-18,BX,0.0,0.04019801339876037
2022-02-22,BX,0.0,0.040309403381589205
2022-02-23,BX,0.0,0.042994398592272276
2022-02-24,BX,0.0,0.04066835933436894
2022-02-25,BX,0.0,0.03650233884052573
2022-02-28,BX,0.0,0.03743378671827441
2022-03-01,BX,0.0,0.04137107677123437
2022-03-02,BX,0.0,0.04144041154615605
2022-03-03,BX,0.0,0.042375375198634574
2022-03-04,BX,0.0,0.04059776044724075
2022-03-07,BX,0.0,0.044470571663880666
2022-03-08,BX,0.0,0.042587215390808786
2022-03-09,BX,0.0,0.041936700776357236
2022-03-10,BX,0.0,0.04114634393608941
2022-03-11,BX,0.0,0.04105453813644597
2022-03-14,BX,0.0,0.04259240273311343
2022-03-15,BX,0.0,0.037388118886664906
2022-03-16,BX,0.0,0.03860922546126971
2022-03-17,BX,0.0,0.03943764834763557
2022-03-18,BX,0.0,0.038225187042047706
2022-03-21,BX,0.0,0.03699197438082824
2022-03-22,BX,0.0,0.0401822140001
2022-03-23,BX,0.0,0.03922940076330074
2022-03-24,BX,0.0,0.0393835717185505
2022-03-25,BX,0.0,0.040969947243063964
2022-03-28,BX,0.0,0.038330647803325596
2022-03-29,BX,0.0,0.03588375405615614
2022-03-30,BX,0.0,0.038937739349428006
2022-03-31,BX,0.0,0.041880051661098344
2022-04-01,BX,0.0,0.038143643953734735
2022-04-04,BX,0.0,0.0382390671931725
2022-04-05,BX,0.0,0.038390907887549244
2022-04-06,BX,0.0,0.04273898088949882
2022-04-07,BX,0.0,0.041331304073072665
2022-04-08,BX,0.0,0.039445933117280924
2022-04-11,BX,0.0,0.03898456860825923
2022-04-12,BX,0.0,0.041206282253291995
2022-04-13,BX,0.0,0.04054697692397959
2022-04-14,BX,0.0,0.04033641544545243
2022-04-18,BX,0.0,0.03952532668421296
2022-04-19,BX,0.0,0.039848275295438676
2022-04-20,BX,0.0,0.04360877717140296
2022-04-21,BX,0.0,0.041778633035635136
2022-04-22,BX,0.0,0.04160269144205021
2022-04-25,BX,0.0,0.04592951051346838
2022-04-26,BX,0.0,0.03998035502947359
2022-04-27,BX,0.0,0.04495656939885176
2022-04-28,BX,0.0,0.040314509408532664
2022-04-29,BX,0.0,0.041789268446956004
2022-05-02,BX,0.0,0.04792893583723014
2022-05-03,BX,0.0,0.03828200498604768
2022-05-04,BX,0.0,0.03628848055213395
2022-05-05,BX,0.0,0.04258852902196842
2022-05-06,BX,0.0,0.03883774004904557
2022-05-09,BX,0.0,0.0383713184585807
2022-05-10,BX,0.0,0.041719629886211355
2022-05-11,BX,0.0,0.0398834418214438
2022-05-12,BX,0.0,0.045810260017411716
2022-05-13,BX,0.0,0.04186510463794823
2022-05-16,BX,0.0,0.03804601872686361
2022-05-17,BX,0.0,0.03897082100712828
2022-05-18,BX,0.0,0.043679958718115745
2022-05-19,BX,0.0,0.04451720774696949
2022-05-20,BX,0.0,0.041321238889123785
2022-05-23,BX,0.0,0.03817468673420276
2022-05-24,BX,0.0,0.047003586080773804
2022-05-25,BX,0.0,0.041061884010048316
2022-05-26,BX,0.0,0.03895922621634697
2022-05-27,BX,1.0,0.07324132841763482
2022-05-31,BX,0.0,0.04241729042137388
2022-06-01,BX,0.0,0.03900910828885103
2022-06-02,BX,0.0,0.039586427510567804
2022-06-03,BX,0.0,0.03988797205371209
2022-06-06,BX,0.0,0.03642592097493045
2022-06-07,BX,0.0,0.043535502610832735
2022-06-08,BX,0.0,0.042900403768506054
2022-06-09,BX,0.0,0.039996669546121584
2022-06-10,BX,0.0,0.04664119227861339
2022-06-13,BX,0.0,0.04454348637172364
2022-06-14,BX,0.0,0.04193920803522313
2022-06-15,BX,0.0,0.04185521899248509
2022-06-16,BX,0.0,0.04187750270598836
2022-06-17,BX,0.0,0.041723308585172016
2022-06-21,BX,0.0,0.039089105392519766
2022-06-22,BX,0.0,0.035625771161087935
2022-06-23,BX,0.0,0.04094488188976378
2022-06-24,BX,0.0,0.0383187552753647
2022-06-27,BX,0.0,0.04108182129407737
2022-06-28,BX,0.0,0.03843686493712738
2022-06-29,BX,0.0,0.04285436010648659
2022-06-30,BX,0.0,0.04293990343883852
2022-07-01,BX,0.0,0.044140126518109946
2022-07-05,BX,0.0,0.041871270187933844
2022-07-06,BX,0.0,0.03814681633672159
2022-07-07,BX,0.0,0.03517369037089608
2022-07-08,BX,0.0,0.03727669569928719
2022-07-11,BX,0.0,0.03998920926099307
2022-07-12,BX,0.0,0.04295496701672175
2022-07-13,BX,0.0,0.04005372431930703
2022-07-14,BX,0.0,0.04152549874860173
2022-07-15,BX,0.0,0.04144440471934215
2022-07-18,BX,0.0,0.04074132420633294
2022-07-19,BX,0.0,0.04435241153688125
2022-07-20,BX,0.0,0.040499226500555034
2022-07-21,BX,0.3333333333333333,0.049841791966872315
2022-07-22,BX,0.0,0.04341505521346075
2022-07-25,BX,0.0,0.041769810372293784
2022-07-26,BX,0.0,0.04429248581863393
2022-07-27,BX,0.0,0.03801998275261779
2022-07-28,BX,0.0,0.037833902972454855
2022-07-29,BX,0.0,0.04329536074754442
2022-08-01,BX,0.0,0.03922916851949932
2022-08-02,BX,0.0,0.03752442384463849
2022-08-03,BX,0.0,0.039487594872792874
2022-08-04,BX,0.0,0.039111724084091505
2022-08-05,BX,0.0,0.0426319887822767
2022-08-08,BX,0.0,0.03600654664484452
2022-08-09,BX,0.0,0.03908012640389535
2022-08-10,BX,0.0,0.04010366163128545
2022-08-11,BX,0.0,0.03763172077946153
2022-08-12,BX,0.0,0.03673381764018351
2022-08-15,BX,0.0,0.03827617027988573
2022-08-16,BX,0.0,0.04009006617714655
2022-08-17,BX,1.0,0.08150465290243354
2022-08-18,BX,0.0,0.03961343412113673
2022-08-19,BX,0.0,0.03677522970861694
2022-08-22,BX,0.0,0.041639044857817574
2022-08-23,BX,0.0,0.04059069120148446
2022-08-24,BX,0.0,0.04199965968655195
2022-08-25,BX,-1.0,0.0
2022-08-26,BX,0.0,0.039421397357850226
2022-08-29,BX,0.0,0.04248269126802812
2022-08-30,BX,0.0,0.04354042476541083
2022-08-31,BX,0.0,0.042969041402461765
2022-09-01,BX,0.0,0.042768050114557275
2022-09-02,BX,0.0,0.041355999602346157
2022-09-06,BX,0.0,0.040699384905549085
2022-09-07,BX,0.0,0.0412940001905622
2022-09-08,BX,0.0,0.03938608730316922
2022-09-09,BX,0.0,0.03675651592782357
2022-09-12,BX,0.0,0.04
2022-09-13,BX,0.0,0.0399144477377079
2022-09-14,BX,0.0,0.04538630527652027
2022-09-15,BX,0.0,0.038091792160984676
2022-09-16,BX,0.0,0.03955818135114308
2022-09-19,BX,0.0,0.03911606681204055
2022-09-20,BX,0.0,0.04282818417985349
2022-09-21,BX,0.0,0.040462953688574416
2022-09-22,BX,0.0,0.060132477747878284
2022-09-23,BX,0.0,0.04480255617684854
2022-09-26,BX,0.0,0.04407378457390633
2022-09-27,BX,0.0,0.040367207614432
2022-09-28,BX,0.0,0.044948921679909194
2022-09-29,BX,0.0,0.041824858405427275
2021-09-30,COST,0.0,0.040268456375838924
2021-10-01,COST,0.0,0.0404546720336194
2021-10-04,COST,0.0,0.04175483266638788
2021-10-05,COST,0.0,0.038292663754477776
2021-10-06,COST,1.0,0.07824956020450938
2021-10-07,COST,0.0,0.03892551375640442
2021-10-08,COST,0.0,0.03574873744538388
2021-10-11,COST,0.0,0.03815360542443604
2021-10-12,COST,0.0,0.039850909743464925
2021-10-13,COST,0.0,0.04025932353962698
2021-10-14,COST,0.0,0.038335842280851254
2021-10-15,COST,0.0,0.03883946484775954
2021-10-18,COST,0.0,0.04260777589494527
2021-10-19,COST,0.0,0.03751501524625004
2021-10-20,COST,0.0,0.0384898729083701
2021-10-21,COST,0.0,0.042773025219420065
2021-10-22,COST,0.0,0.039788214178381104
2021-10-25,COST,0.0,0.03942099830724345
2021-10-26,COST,0.0,0.035586567815089405
2021-10-27,COST,0.0,0.03754652011394496
2021-10-28,COST,0.0,0.04044757560439857
2021-10-29,COST,0.0,0.039853995204868514
2021-11-01,COST,0.0,0.037923472602569626
2021-11-02,COST,0.0,0.04156728758484043
2021-11-03,COST,0.0,0.03810640480726953
2021-11-04,COST,0.0,0.04028553544176718
2021-11-05,COST,0.0,0.03663287240160957
2021-11-08,COST,0.0,0.03761691671962014
2021-11-09,COST,0.0,0.039563389598379795
2021-11-10,COST,0.0,0.0390647226299692
2021-11-11,COST,0.0,0.03465729019262079
2021-11-12,COST,0.0,0.03767266638760988
2021-11-15,COST,0.0,0.037866175530203085
2021-11-16,COST,0.0,0.03855032381662256
2021-11-17,COST,0.0,0.03901465538156712
2021-11-18,COST,0.0,0.0409116750906957
2021-11-19,COST,0.0,0.03979304274211169
2021-11-22,COST,0.0,0.03866788657852228
2021-11-23,COST,0.0,0.03575936368049591
2021-11-24,COST,0.0,0.038311658572233606
2021-11-26,COST,0.0,0.04204333697811591
2021-11-29,COST,0.0,0.03645835706182772
2021-11-30,COST,0.0,0.03455000447217556
2021-12-01,COST,0.0,0.03893571805477288
2021-12-02,COST,0.0,0.04001442606739963
2021-12-03,COST,-1.0,0.0
2021-12-06,COST,0.0,0.03814895360536512
2021-12-07,COST,0.0,0.03940563691990846
2021-12-08,COST,0.0,0.038702944221720964
2021-12-09,COST,0.0,0.04449033649147441
2021-12-10,COST,0.0,0.04027128283161306
2021-12-13,COST,0.0,0.037092497072877435
2021-12-14,COST,0.0,0.038249598732872474
2021-12-15,COST,0.0,0.03483258163581414
2021-12-16,COST,0.0,0.039366244198216035
2021-12-17,COST,1.0,0.07415747916388726
2021-12-20,COST,0.0,0.0437862202189311
2021-12-21,COST,0.0,0.038327853452325034
2021-12-22,COST,-1.0,0.0
2021-12-23,COST,0.0,0.03788437884378844
2021-12-27,COST,0.0,0.04007809261469321
2021-12-28,COST,0.0,0.04019138755980861
2021-12-29,COST,0.5,0.054992882618081454
2021-12-30,COST,0.0,0.03845527841640175
2021-12-31,COST,0.0,0.039660290724095396
2022-01-03,COST,0.0,0.03706860917346019
2022-01-04,COST,0.0,0.03830332714714829
2022-01-05,COST,0.0,0.042344406104898646
2022-01-06,COST,0.0,0.041535758027584004
2022-01-07,COST,0.0,0.040656527631380814
2022-01-10,COST,0.0,0.04289064371243587
2022-01-11,COST,1.0,0.0700200877555308
2022-01-12,COST,0.0,0.0393495803823657
2022-01-13,COST,0.0,0.03742039171474148
2022-01-14,COST,0.0,0.0383753302060186
2022-01-18,COST,0.0,0.04284323271665044
2022-01-19,COST,0.0,0.03943658416628443
2022-01-20,COST,0.0,0.04381470214173966
2022-01-21,COST,0.0,0.03993820880901247
2022-01-24,COST,0.0,0.04097845759963098
2022-01-25,COST,0.0,0.03914764891676676
2022-01-26,COST,0.0,0.0380970869074629
2022-01-27,COST,0.0,0.04257152176971855
2022-01-28,COST,0.0,0.03891911244459987
2022-01-31,COST,0.0,0.03763191454945019
2022-02-01,COST,0.0,0.03636008757160536
2022-02-02,COST,0.0,0.042847425831482905
2022-02-03,COST,0.0,0.040664514451770994
2022-02-04,COST,0.0,0.03903541839915894
2022-02-07,COST,0.0,0.04064429271174184
2022-02-08,COST,-1.0,0.0
2022-02-09,COST,0.0,0.03938141954174348
2022-02-10,COST,0.0,0.041180062981272796
2022-02-11,COST,0.0,0.04435826522256385
2022-02-14,COST,0.0,0.03849872774953338
2022-02-15,COST,0.0,0.03903881700554528
2022-02-16,COST,0.0,0.04134961913757667
2022-02-17,COST,0.0,0.04111750459387209
2022-02-18,COST,0.0,0.04019801339876037
2022-02-22,COST,0.0,0.040309403381589205
2022-02-23,COST,0.0,0.042994398592272276
2022-02-24,COST,0.0,0.04066835933436894
2022-02-25,COST,0.0,0.03650233884052573
2022-02-28,COST,0.0,0.03743378671827441
2022-03-01,COST,0.0,0.04137107677123437
2022-03-02,COST,0.0,0.04144041154615605
2022-03-03,COST,0.0,0.042375375198634574
2022-03-04,COST,0.0,0.04059776044724075
2022-03-07,COST,0.0,0.044470571663880666
2022-03-08,COST,0.0,0.042587215390808786
2022-03-09,COST,-1.0,0.0
2022-03-10,COST,0.0,0.04114634393608941
2022-03-11,COST,0.0,0.04105453813644597
2022-03-14,COST,0.0,0.04259240273311343
2022-03-15,COST,0.25,0.04673514860833113
2022-03-16,COST,0.0,0.03860922546126971
2022-03-17,COST,0.0,0.03943764834763557
2022-03-18,COST,0.0,0.038225187042047706
2022-03-21,COST,-0.3333333333333333,0.0246613162538855
2022-03-22,COST,0.0,0.0401822140001
2022-03-23,COST,0.0,0.03922940076330074
2022-03-24,COST,0.0,0.0393835717185505
2022-03-25,COST,1.0,0.08193989448612793
2022-03-28,COST,0.0,0.038330647803325596
2022-03-29,COST,0.0,0.03588375405615614
2022-03-30,COST,0.0,0.038937739349428006
2022-03-31,COST,0.0,0.041880051661098344
2022-04-01,COST,0.0,0.038143643953734735
2022-04-04,COST,0.0,0.0382390671931725
2022-04-05,COST,0.0,0.038390907887549244
2022-04-06,COST,-1.0,0.0
2022-04-07,COST,-0.3333333333333333,0.02755420271538178
2022-04-08,COST,0.3333333333333333,0.05259457748970789
2022-04-11,COST,0.0,0.03898456860825923
2022-04-12,COST,0.0,0.041206282253291995
2022-04-13,COST,0.2,0.048656372308775515
2022-04-14,COST,0.0,0.04033641544545243
2022-04-18,COST,0.0,0.03952532668421296
2022-04-19,COST,0.0,0.039848275295438676
2022-04-20,COST,0.0,0.04360877717140296
2022-04-21,COST,0.0,0.041778633035635136
2022-04-22,COST,0.0,0.04160269144205021
2022-04-25,COST,-1.0,0.0
2022-04-26,COST,0.0,0.03998035502947359
2022-04-27,COST,0.0,0.04495656939885176
2022-04-28,COST,0.0,0.040314509408532664
2022-04-29,COST,0.0,0.041789268446956004
2022-05-02,COST,0.0,0.04792893583723014
2022-05-03,COST,0.0,0.03828200498604768
2022-05-04,COST,0.0,0.03628848055213395
2022-05-05,COST,0.0,0.04258852902196842
2022-05-06,COST,0.0,0.03883774004904557
2022-05-09,COST,0.0,0.0383713184585807
2022-05-10,COST,0.0,0.041719629886211355
2022-05-11,COST,0.0,0.0398834418214438
2022-05-12,COST,0.0,0.045810260017411716
2022-05-13,COST,0.0,0.04186510463794823
2022-05-16,COST,0.0,0.03804601872686361
2022-05-17,COST,0.0,0.03897082100712828
2022-05-18,COST,-0.46153846153846156,0.023519977771293093
2022-05-19,COST,0.5,0.06677581162045422
2022-05-20,COST,0.0,0.041321238889123785
2022-05-23,COST,0.0,0.03817468673420276
2022-05-24,COST,0.0,0.047003586080773804
2022-05-25,COST,0.0,0.041061884010048316
2022-05-26,COST,0.09090909090909091,0.042500974054196686
2022-05-27,COST,0.2,0.043944797050580894
2022-05-31,COST,0.0,0.04241729042137388
2022-06-01,COST,0.0,0.03900910828885103
2022-06-02,COST,0.0,0.039586427510567804
2022-06-03,COST,0.0,0.03988797205371209
2022-06-06,COST,0.0,0.03642592097493045
2022-06-07,COST,-1.0,0.0
2022-06-08,COST,0.0,0.042900403768506054
2022-06-09,COST,0.0,0.039996669546121584
2022-06-10,COST,0.0,0.04664119227861339
2022-06-13,COST,0.0,0.04454348637172364
2022-06-14,COST,0.0,0.04193920803522313
2022-06-15,COST,0.0,0.04185521899248509
2022-06-16,COST,0.0,0.04187750270598836
2022-06-17,COST,0.0,0.041723308585172016
2022-06-21,COST,0.0,0.039089105392519766
2022-06-22,COST,0.0,0.035625771161087935
2022-06-23,COST,0.0,0.04094488188976378
2022-06-24,COST,0.0,0.0383187552753647
2022-06-27,COST,0.0,0.04108182129407737
2022-06-28,COST,0.0,0.03843686493712738
2022-06-29,COST,0.0,0.04285436010648659
2022-06-30,COST,0.0,0.04293990343883852
2022-07-01,COST,0.0,0.044140126518109946
2022-07-05,COST,0.0,0.041871270187933844
2022-07-06,COST,0.0,0.03814681633672159
2022-07-07,COST,0.4,0.0492431665192545
2022-07-08,COST,0.5,0.05591504354893078
2022-07-11,COST,0.0,0.03998920926099307
2022-07-12,COST,-0.6666666666666666,0.014318322338907254
2022-07-13,COST,0.0,0.04005372431930703
2022-07-14,COST,-0.5,0.020762749374300865
2022-07-15,COST,0.0,0.04144440471934215
2022-07-18,COST,0.0,0.04074132420633294
2022-07-19,COST,0.0,0.04435241153688125
2022-07-20,COST,0.0,0.040499226500555034
2022-07-21,COST,0.5,0.056072015962731356
2022-07-22,COST,0.0,0.04341505521346075
2022-07-25,COST,-0.4,0.025061886223376267
2022-07-26,COST,0.0,0.04429248581863393
2022-07-27,COST,0.0,0.03801998275261779
2022-07-28,COST,0.0,0.037833902972454855
2022-07-29,COST,0.0,0.04329536074754442
2022-08-01,COST,0.0,0.03922916851949932
2022-08-02,COST,0.0,0.03752442384463849
2022-08-03,COST,1.0,0.07897518974558575
2022-08-04,COST,0.0,0.039111724084091505
2022-08-05,COST,0.0,0.0426319887822767
2022-08-08,COST,0.0,0.03600654664484452
2022-08-09,COST,1.0,0.0781602528077907
2022-08-10,COST,0.0,0.04010366163128545
2022-08-11,COST,0.0,0.03763172077946153
2022-08-12,COST,0.0,0.03673381764018351
2022-08-15,COST,0.0,0.03827617027988573
2022-08-16,COST,0.0,0.04009006617714655
2022-08-17,COST,0.0,0.04075232645121677
2022-08-18,COST,0.0,0.03961343412113673
2022-08-19,COST,0.0,0.03677522970861694
2022-08-22,COST,0.0,0.041639044857817574
2022-08-23,COST,0.0,0.04059069120148446
2022-08-24,COST,0.0,0.04199965968655195
2022-08-25,COST,0.0,0.042644079607415446
2022-08-26,COST,0.0,0.039421397357850226
2022-08-29,COST,0.0,0.04248269126802812
2022-08-30,COST,0.0,0.04354042476541083
2022-08-31,COST,0.0,0.042969041402461765
2022-09-01,COST,0.0,0.042768050114557275
2022-09-02,COST,0.0,0.041355999602346157
2022-09-06,COST,0.0,0.040699384905549085
2022-09-07,COST,0.0,0.0412940001905622
2022-09-08,COST,0.0,0.03938608730316922
2022-09-09,COST,0.0,0.03675651592782357
2022-09-12,COST,0.0,0.04
2022-09-13,COST,0.0,0.0399144477377079
2022-09-14,COST,-1.0,0.0
2022-09-15,COST,0.0,0.038091792160984676
2022-09-16,COST,0.0,0.03955818135114308
2022-09-19,COST,-1.0,0.0
2022-09-20,COST,0.0,0.04282818417985349
2022-09-21,COST,0.0,0.040462953688574416
2022-09-22,COST,0.0,0.060132477747878284
2022-09-23,COST,-0.3333333333333333,0.0298683707845657
2022-09-26,COST,0.0,0.04407378457390633
2022-09-27,COST,0.0,0.040367207614432
2022-09-28,COST,0.0,0.044948921679909194
2022-09-29,COST,0.0,0.041824858405427275
2021-09-30,CRM,0.0,0.040268456375838924
2021-10-01,CRM,0.0,0.0404546720336194
2021-10-04,CRM,0.0,0.04175483266638788
2021-10-05,CRM,0.0,0.038292663754477776
2021-10-06,CRM,0.0,0.03912478010225469
2021-10-07,CRM,0.0,0.03892551375640442
2021-10-08,CRM,0.0,0.03574873744538388
2021-10-11,CRM,0.0,0.03815360542443604
2021-10-12,CRM,0.5,0.05977636461519738
2021-10-13,CRM,0.0,0.04025932353962698
2021-10-14,CRM,0.0,0.038335842280851254
2021-10-15,CRM,0.0,0.03883946484775954
2021-10-18,CRM,0.0,0.04260777589494527
2021-10-19,CRM,0.0,0.03751501524625004
2021-10-20,CRM,0.0,0.0384898729083701
2021-10-21,CRM,0.0,0.042773025219420065
2021-10-22,CRM,0.0,0.039788214178381104
2021-10-25,CRM,0.0,0.03942099830724345
2021-10-26,CRM,0.0,0.035586567815089405
2021-10-27,CRM,0.0,0.03754652011394496
2021-10-28,CRM,0.0,0.04044757560439857
2021-10-29,CRM,0.0,0.039853995204868514
2021-11-01,CRM,0.0,0.037923472602569626
2021-11-02,CRM,0.0,0.04156728758484043
2021-11-03,CRM,0.0,0.03810640480726953
2021-11-04,CRM,0.0,0.04028553544176718
2021-11-05,CRM,0.0,0.03663287240160957
2021-11-08,CRM,0.0,0.03761691671962014
2021-11-09,CRM,0.0,0.039563389598379795
2021-11-10,CRM,0.0,0.0390647226299692
2021-11-11,CRM,0.0,0.03465729019262079
2021-11-12,CRM,0.0,0.03767266638760988
2021-11-15,CRM,0.0,0.037866175530203085
2021-11-16,CRM,0.0,0.03855032381662256
2021-11-17,CRM,0.0,0.03901465538156712
2021-11-18,CRM,0.0,0.0409116750906957
2021-11-19,CRM,0.0,0.03979304274211169
2021-11-22,CRM,0.0,0.03866788657852228
2021-11-23,CRM,0.0,0.03575936368049591
2021-11-24,CRM,0.0,0.038311658572233606
2021-11-26,CRM,0.0,0.04204333697811591
2021-11-29,CRM,1.0,0.07291671412365544
2021-11-30,CRM,0.0,0.03455000447217556
2021-12-01,CRM,0.0,0.03893571805477288
2021-12-02,CRM,0.0,0.04001442606739963
2021-12-03,CRM,0.0,0.043220137734504865
2021-12-06,CRM,0.0,0.03814895360536512
2021-12-07,CRM,0.0,0.03940563691990846
2021-12-08,CRM,0.0,0.038702944221720964
2021-12-09,CRM,-1.0,0.0
2021-12-10,CRM,0.0,0.04027128283161306
2021-12-13,CRM,0.0,0.037092497072877435
2021-12-14,CRM,0.0,0.038249598732872474
2021-12-15,CRM,0.0,0.03483258163581414
2021-12-16,CRM,0.0,0.039366244198216035
2021-12-17,CRM,0.0,0.03707873958194363
2021-12-20,CRM,0.0,0.0437862202189311
2021-12-21,CRM,0.0,0.038327853452325034
2021-12-22,CRM,1.0,0.08186554204911933
2021-12-23,CRM,0.0,0.03788437884378844
2021-12-27,CRM,0.0,0.04007809261469321
2021-12-28,CRM,0.0,0.04019138755980861
2021-12-29,CRM,0.0,0.03666192174538764
2021-12-30,CRM,0.0,0.03845527841640175
2021-12-31,CRM,0.0,0.039660290724095396
2022-01-03,CRM,0.0,0.03706860917346019
2022-01-04,CRM,0.0,0.03830332714714829
2022-01-05,CRM,-0.5,0.021172203052449323
2022-01-06,CRM,0.0,0.041535758027584004
2022-01-07,CRM,0.0,0.040656527631380814
2022-01-10,CRM,-1.0,0.0
2022-01-11,CRM,0.0,0.0350100438777654
2022-01-12,CRM,0.5,0.05902437057354854
2022-01-13,CRM,0.0,0.03742039171474148
2022-01-14,CRM,0.0,0.0383753302060186
2022-01-18,CRM,0.0,0.04284323271665044
2022-01-19,CRM,0.0,0.03943658416628443
2022-01-20,CRM,0.0,0.04381470214173966
2022-01-21,CRM,0.0,0.03993820880901247
2022-01-24,CRM,0.0,0.04097845759963098
2022-01-25,CRM,0.0,0.03914764891676676
2022-01-26,CRM,0.0,0.0380970869074629
2022-01-27,CRM,0.0,0.04257152176971855
2022-01-28,CRM,0.0,0.03891911244459987
2022-01-31,CRM,0.0,0.03763191454945019
2022-02-01,CRM,0.0,0.03636008757160536
2022-02-02,CRM,0.0,0.042847425831482905
2022-02-03,CRM,0.0,0.040664514451770994
2022-02-04,CRM,0.0,0.03903541839915894
2022-02-07,CRM,0.0,0.04064429271174184
2022-02-08,CRM,0.0,0.040478239003849815
2022-02-09,CRM,0.0,0.03938141954174348
2022-02-10,CRM,0.0,0.041180062981272796
2022-02-11,CRM,0.0,0.04435826522256385
2022-02-14,CRM,1.0,0.07699745549906677
2022-02-15,CRM,0.0,0.03903881700554528
2022-02-16,CRM,0.0,0.04134961913757667
2022-02-17,CRM,0.0,0.04111750459387209
2022-02-18,CRM,0.0,0.04019801339876037
2022-02-22,CRM,-0.5,0.020154701690794603
2022-02-23,CRM,0.0,0.042994398592272276
2022-02-24,CRM,0.0,0.04066835933436894
2022-02-25,CRM,0.0,0.03650233884052573
2022-02-28,CRM,0.0,0.03743378671827441
2022-03-01,CRM,0.0,0.04137107677123437
2022-03-02,CRM,0.0,0.04144041154615605
2022-03-03,CRM,0.0,0.042375375198634574
2022-03-04,CRM,0.0,0.04059776044724075
2022-03-07,CRM,0.0,0.044470571663880666
2022-03-08,CRM,0.0,0.042587215390808786
2022-03-09,CRM,0.0,0.041936700776357236
2022-03-10,CRM,0.0,0.04114634393608941
2022-03-11,CRM,0.0,0.04105453813644597
2022-03-14,CRM,0.0,0.04259240273311343
2022-03-15,CRM,0.0,0.037388118886664906
2022-03-16,CRM,0.0,0.03860922546126971
2022-03-17,CRM,0.0,0.03943764834763557
2022-03-18,CRM,0.0,0.038225187042047706
2022-03-21,CRM,0.0,0.03699197438082824
2022-03-22,CRM,0.0,0.0401822140001
2022-03-23,CRM,0.0,0.03922940076330074
2022-03-24,CRM,0.0,0.0393835717185505
2022-03-25,CRM,0.0,0.040969947243063964
2022-03-28,CRM,0.0,0.038330647803325596
2022-03-29,CRM,0.0,0.03588375405615614
2022-03-30,CRM,0.0,0.038937739349428006
2022-03-31,CRM,0.0,0.041880051661098344
2022-04-01,CRM,0.0,0.038143643953734735
2022-04-04,CRM,0.0,0.0382390671931725
2022-04-05,CRM,0.0,0.038390907887549244
2022-04-06,CRM,0.0,0.04273898088949882
2022-04-07,CRM,0.0,0.041331304073072665
2022-04-08,CRM,0.0,0.039445933117280924
2022-04-11,CRM,0.0,0.03898456860825923
2022-04-12,CRM,0.0,0.041206282253291995
2022-04-13,CRM,0.0,0.04054697692397959
2022-04-14,CRM,0.0,0.04033641544545243
2022-04-18,CRM,0.0,0.03952532668421296
2022-04-19,CRM,0.0,0.039848275295438676
2022-04-20,CRM,-1.0,0.0
2022-04-21,CRM,0.0,0.041778633035635136
2022-04-22,CRM,0.0,0.04160269144205021
2022-04-25,CRM,-0.3333333333333333,0.030619673675645588
2022-04-26,CRM,0.0,0.03998035502947359
2022-04-27,CRM,0.0,0.04495656939885176
2022-04-28,CRM,0.0,0.040314509408532664
2022-04-29,CRM,0.0,0.041789268446956004
2022-05-02,CRM,0.0,0.04792893583723014
2022-05-03,CRM,0.0,0.03828200498604768
2022-05-04,CRM,0.5,0.05443272082820092
2022-05-05,CRM,0.0,0.04258852902196842
2022-05-06,CRM,0.0,0.03883774004904557
2022-05-09,CRM,0.0,0.0383713184585807
2022-05-10,CRM,0.0,0.041719629886211355
2022-05-11,CRM,0.0,0.0398834418214438
2022-05-12,CRM,0.0,0.045810260017411716
2022-05-13,CRM,0.0,0.04186510463794823
2022-05-16,CRM,0.0,0.03804601872686361
2022-05-17,CRM,0.0,0.03897082100712828
2022-05-18,CRM,0.0,0.043679958718115745
2022-05-19,CRM,0.0,0.04451720774696949
2022-05-20,CRM,0.0,0.041321238889123785
2022-05-23,CRM,0.0,0.03817468673420276
2022-05-24,CRM,0.0,0.047003586080773804
2022-05-25,CRM,0.0,0.041061884010048316
2022-05-26,CRM,0.0,0.03895922621634697
2022-05-27,CRM,0.0,0.03662066420881741
2022-05-31,CRM,0.2857142857142857,0.054536516256052124
2022-06-01,CRM,0.3333333333333333,0.0520121443851347
2022-06-02,CRM,0.0,0.039586427510567804
2022-06-03,CRM,0.0,0.03988797205371209
2022-06-06,CRM,0.0,0.03642592097493045
2022-06-07,CRM,0.0,0.043535502610832735
2022-06-08,CRM,0.0,0.042900403768506054
2022-06-09,CRM,0.0,0.039996669546121584
2022-06-10,CRM,0.0,0.04664119227861339
2022-06-13,CRM,-1.0,0.0
2022-06-14,CRM,0.0,0.04193920803522313
2022-06-15,CRM,0.0,0.04185521899248509
2022-06-16,CRM,-0.3333333333333333,0.02791833513732558
2022-06-17,CRM,0.0,0.041723308585172016
2022-06-21,CRM,0.0,0.039089105392519766
2022-06-22,CRM,0.0,0.035625771161087935
2022-06-23,CRM,0.0,0.04094488188976378
2022-06-24,CRM,0.0,0.0383187552753647
2022-06-27,CRM,0.0,0.04108182129407737
2022-06-28,CRM,1.0,0.07687372987425475
2022-06-29,CRM,0.0,0.04285436010648659
2022-06-30,CRM,0.0,0.04293990343883852
2022-07-01,CRM,0.0,0.044140126518109946
2022-07-05,CRM,0.0,0.041871270187933844
2022-07-06,CRM,0.0,0.03814681633672159
2022-07-07,CRM,0.0,0.03517369037089608
2022-07-08,CRM,0.0,0.03727669569928719
2022-07-11,CRM,0.0,0.03998920926099307
2022-07-12,CRM,0.0,0.04295496701672175
2022-07-13,CRM,0.0,0.04005372431930703
2022-07-14,CRM,0.0,0.04152549874860173
2022-07-15,CRM,0.0,0.04144440471934215
2022-07-18,CRM,0.0,0.04074132420633294
2022-07-19,CRM,0.0,0.04435241153688125
2022-07-20,CRM,0.0,0.040499226500555034
2022-07-21,CRM,0.0,0.03738134397515424
2022-07-22,CRM,0.0,0.04341505521346075
2022-07-25,CRM,0.0,0.041769810372293784
2022-07-26,CRM,-0.6666666666666666,0.014764161939544645
2022-07-27,CRM,0.0,0.03801998275261779
2022-07-28,CRM,0.0,0.037833902972454855
2022-07-29,CRM,0.0,0.04329536074754442
2022-08-01,CRM,0.0,0.03922916851949932
2022-08-02,CRM,0.5,0.05628663576695774
2022-08-03,CRM,0.0,0.039487594872792874
2022-08-04,CRM,0.0,0.039111724084091505
2022-08-05,CRM,0.0,0.0426319887822767
2022-08-08,CRM,0.0,0.03600654664484452
2022-08-09,CRM,0.0,0.03908012640389535
2022-08-10,CRM,0.0,0.04010366163128545
2022-08-11,CRM,1.0,0.07526344155892306
2022-08-12,CRM,0.0,0.03673381764018351
2022-08-15,CRM,0.0,0.03827617027988573
2022-08-16,CRM,0.0,0.04009006617714655
2022-08-17,CRM,0.0,0.04075232645121677
2022-08-18,CRM,0.0,0.03961343412113673
2022-08-19,CRM,0.0,0.03677522970861694
2022-08-22,CRM,0.0,0.041639044857817574
2022-08-23,CRM,0.0,0.04059069120148446
2022-08-24,CRM,-0.42857142857142855,0.02399980553517254
2022-08-25,CRM,0.0,0.042644079607415446
2022-08-26,CRM,0.0,0.039421397357850226
2022-08-29,CRM,0.0,0.04248269126802812
2022-08-30,CRM,0.0,0.04354042476541083
2022-08-31,CRM,-1.0,0.0
2022-09-01,CRM,0.0,0.042768050114557275
2022-09-02,CRM,0.0,0.041355999602346157
2022-09-06,CRM,0.0,0.040699384905549085
2022-09-07,CRM,0.0,0.0412940001905622
2022-09-08,CRM,0.0,0.03938608730316922
2022-09-09,CRM,0.0,0.03675651592782357
2022-09-12,CRM,0.0,0.04
2022-09-13,CRM,0.0,0.0399144477377079
2022-09-14,CRM,0.0,0.04538630527652027
2022-09-15,CRM,0.0,0.038091792160984676
2022-09-16,CRM,0.0,0.03955818135114308
2022-09-19,CRM,0.0,0.03911606681204055
2022-09-20,CRM,0.0,0.04282818417985349
2022-09-21,CRM,1.0,0.08092590737714883
2022-09-22,CRM,-1.0,0.0
2022-09-23,CRM,0.0,0.04480255617684854
2022-09-26,CRM,0.0,0.04407378457390633
2022-09-27,CRM,0.0,0.040367207614432
2022-09-28,CRM,-1.0,0.0
2022-09-29,CRM,0.0,0.041824858405427275
2021-09-30,DIS,0.0,0.040268456375838924
2021-10-01,DIS,0.0,0.0404546720336194
2021-10-04,DIS,0.0,0.04175483266638788
2021-10-05,DIS,0.0,0.038292663754477776
2021-10-06,DIS,0.0,0.03912478010225469
2021-10-07,DIS,0.5,0.05838827063460663
2021-10-08,DIS,0.0,0.03574873744538388
2021-10-11,DIS,0.0,0.03815360542443604
2021-10-12,DIS,0.0,0.039850909743464925
2021-10-13,DIS,0.0,0.04025932353962698
2021-10-14,DIS,0.0,0.038335842280851254
2021-10-15,DIS,0.0,0.03883946484775954
2021-10-18,DIS,-0.5,0.021303887947472636
2021-10-19,DIS,0.0,0.03751501524625004
2021-10-20,DIS,0.0,0.0384898729083701
2021-10-21,DIS,0.0,0.042773025219420065
2021-10-22,DIS,0.0,0.039788214178381104
2021-10-25,DIS,0.25,0.04927624788405432
2021-10-26,DIS,0.0,0.035586567815089405
2021-10-27,DIS,0.0,0.03754652011394496
2021-10-28,DIS,0.0,0.04044757560439857
2021-10-29,DIS,0.0,0.039853995204868514
2021-11-01,DIS,0.0,0.037923472602569626
2021-11-02,DIS,-0.5,0.020783643792420214
2021-11-03,DIS,0.0,0.03810640480726953
2021-11-04,DIS,0.0,0.04028553544176718
2021-11-05,DIS,0.5,0.05494930860241435
2021-11-08,DIS,0.25,0.047021145899525184
2021-11-09,DIS,0.0,0.039563389598379795
2021-11-10,DIS,0.5,0.0585970839449538
2021-11-11,DIS,-0.14285714285714285,0.0297062487365321
2021-11-12,DIS,0.0,0.03767266638760988
2021-11-15,DIS,0.0,0.037866175530203085
2021-11-16,DIS,0.0,0.03855032381662256
2021-11-17,DIS,-1.0,0.0
2021-11-18,DIS,0.0,0.0409116750906957
2021-11-19,DIS,0.0,0.03979304274211169
2021-11-22,DIS,0.0,0.03866788657852228
2021-11-23,DIS,0.0,0.03575936368049591
2021-11-24,DIS,1.0,0.07662331714446721
2021-11-26,DIS,0.0,0.04204333697811591
2021-11-29,DIS,0.0,0.03645835706182772
2021-11-30,DIS,0.0,0.03455000447217556
2021-12-01,DIS,0.0,0.03893571805477288
2021-12-02,DIS,0.0,0.04001442606739963
2021-12-03,DIS,0.0,0.043220137734504865
2021-12-06,DIS,0.0,0.03814895360536512
2021-12-07,DIS,0.0,0.03940563691990846
2021-12-08,DIS,-0.2,0.03096235537737677
2021-12-09,DIS,0.0,0.04449033649147441
2021-12-10,DIS,0.0,0.04027128283161306
2021-12-13,DIS,0.0,0.037092497072877435
2021-12-14,DIS,0.0,0.038249598732872474
2021-12-15,DIS,1.0,0.06966516327162828
2021-12-16,DIS,0.0,0.039366244198216035
2021-12-17,DIS,0.0,0.03707873958194363
2021-12-20,DIS,-0.25,0.032839665164198326
2021-12-21,DIS,0.0,0.038327853452325034
2021-12-22,DIS,0.0,0.04093277102455967
2021-12-23,DIS,0.0,0.03788437884378844
2021-12-27,DIS,0.0,0.04007809261469321
2021-12-28,DIS,0.16666666666666666,0.04688995215311005
2021-12-29,DIS,0.0,0.03666192174538764
2021-12-30,DIS,0.0,0.03845527841640175
2021-12-31,DIS,-0.16666666666666666,0.033050242270079494
2022-01-03,DIS,0.0,0.03706860917346019
2022-01-04,DIS,0.2,0.045963992576577954
2022-01-05,DIS,0.0,0.042344406104898646
2022-01-06,DIS,0.0,0.041535758027584004
2022-01-07,DIS,0.0,0.040656527631380814
2022-01-10,DIS,0.0,0.04289064371243587
2022-01-11,DIS,0.0,0.0350100438777654
2022-01-12,DIS,0.0,0.0393495803823657
2022-01-13,DIS,0.0,0.03742039171474148
2022-01-14,DIS,0.0,0.0383753302060186
2022-01-18,DIS,-0.5,0.02142161635832522
2022-01-19,DIS,0.5,0.059154876249426634
2022-01-20,DIS,-0.5,0.02190735107086983
2022-01-21,DIS,0.0,0.03993820880901247
2022-01-24,DIS,0.0,0.04097845759963098
2022-01-25,DIS,0.0,0.03914764891676676
2022-01-26,DIS,0.0,0.0380970869074629
2022-01-27,DIS,0.0,0.04257152176971855
2022-01-28,DIS,0.0,0.03891911244459987
2022-01-31,DIS,0.0,0.03763191454945019
2022-02-01,DIS,0.0,0.03636008757160536
2022-02-02,DIS,0.0,0.042847425831482905
2022-02-03,DIS,0.0,0.040664514451770994
2022-02-04,DIS,0.0,0.03903541839915894
2022-02-07,DIS,0.3333333333333333,0.05419239028232245
2022-02-08,DIS,0.0,0.040478239003849815
2022-02-09,DIS,0.16666666666666666,0.04594498946536739
2022-02-10,DIS,0.0,0.041180062981272796
2022-02-11,DIS,0.0,0.04435826522256385
2022-02-14,DIS,0.0,0.03849872774953338
2022-02-15,DIS,0.0,0.03903881700554528
2022-02-16,DIS,0.0,0.04134961913757667
2022-02-17,DIS,1.0,0.08223500918774418
2022-02-18,DIS,0.0,0.04019801339876037
2022-02-22,DIS,0.5,0.0604641050723838
2022-02-23,DIS,-0.3333333333333333,0.028662932394848187
2022-02-24,DIS,0.0,0.04066835933436894
2022-02-25,DIS,0.0,0.03650233884052573
2022-02-28,DIS,0.0,0.03743378671827441
2022-03-01,DIS,-0.4,0.02482264606274062
2022-03-02,DIS,0.0,0.04144041154615605
2022-03-03,DIS,-0.5,0.021187687599317287
2022-03-04,DIS,0.0,0.04059776044724075
2022-03-07,DIS,0.0,0.044470571663880666
2022-03-08,DIS,-0.3333333333333333,0.028391476927205863
2022-03-09,DIS,0.0,0.041936700776357236
2022-03-10,DIS,-1.0,0.0
2022-03-11,DIS,-0.5,0.020527269068222984
2022-03-14,DIS,0.0,0.04259240273311343
2022-03-15,DIS,0.0,0.037388118886664906
2022-03-16,DIS,0.0,0.03860922546126971
2022-03-17,DIS,0.0,0.03943764834763557
2022-03-18,DIS,0.0,0.038225187042047706
2022-03-21,DIS,0.0,0.03699197438082824
2022-03-22,DIS,-0.5,0.02009110700005
2022-03-23,DIS,0.0,0.03922940076330074
2022-03-24,DIS,0.0,0.0393835717185505
2022-03-25,DIS,0.0,0.040969947243063964
2022-03-28,DIS,0.0,0.038330647803325596
2022-03-29,DIS,0.0,0.03588375405615614
2022-03-30,DIS,0.0,0.038937739349428006
2022-03-31,DIS,0.0,0.041880051661098344
2022-04-01,DIS,-0.25,0.028607732965301048
2022-04-04,DIS,0.0,0.0382390671931725
2022-04-05,DIS,0.0,0.038390907887549244
2022-04-06,DIS,1.0,0.08547796177899764
2022-04-07,DIS,-0.25,0.030998478054804494
2022-04-08,DIS,0.0,0.039445933117280924
2022-04-11,DIS,0.0,0.03898456860825923
2022-04-12,DIS,0.0,0.041206282253291995
2022-04-13,DIS,0.0,0.04054697692397959
2022-04-14,DIS,0.0,0.04033641544545243
2022-04-18,DIS,0.0,0.03952532668421296
2022-04-19,DIS,0.0,0.039848275295438676
2022-04-20,DIS,-0.5555555555555556,0.01938167874284576
2022-04-21,DIS,-0.1,0.037600769732071625
2022-04-22,DIS,-0.5454545454545454,0.018910314291841007
2022-04-25,DIS,-0.3333333333333333,0.030619673675645588
2022-04-26,DIS,0.0,0.03998035502947359
2022-04-27,DIS,0.0,0.04495656939885176
2022-04-28,DIS,0.0,0.040314509408532664
2022-04-29,DIS,-1.0,0.0
2022-05-02,DIS,-1.0,0.0
2022-05-03,DIS,0.0,0.03828200498604768
2022-05-04,DIS,0.0,0.03628848055213395
2022-05-05,DIS,0.0,0.04258852902196842
2022-05-06,DIS,0.25,0.04854717506130696
2022-05-09,DIS,0.0,0.0383713184585807
2022-05-10,DIS,0.0,0.041719629886211355
2022-05-11,DIS,0.1,0.04387178600358818
2022-05-12,DIS,-0.375,0.028631412510882324
2022-05-13,DIS,0.0,0.04186510463794823
2022-05-16,DIS,1.0,0.07609203745372722
2022-05-17,DIS,0.0,0.03897082100712828
2022-05-18,DIS,0.0,0.043679958718115745
2022-05-19,DIS,-1.0,0.0
2022-05-20,DIS,1.0,0.08264247777824757
2022-05-23,DIS,0.0,0.03817468673420276
2022-05-24,DIS,-0.5,0.023501793040386902
2022-05-25,DIS,0.0,0.041061884010048316
2022-05-26,DIS,0.0,0.03895922621634697
2022-05-27,DIS,0.0,0.03662066420881741
2022-05-31,DIS,0.5,0.06362593563206081
2022-06-01,DIS,0.0,0.03900910828885103
2022-06-02,DIS,0.0,0.039586427510567804
2022-06-03,DIS,0.0,0.03988797205371209
2022-06-06,DIS,0.0,0.03642592097493045
2022-06-07,DIS,0.0,0.043535502610832735
2022-06-08,DIS,0.0,0.042900403768506054
2022-06-09,DIS,0.0,0.039996669546121584
2022-06-10,DIS,-0.3333333333333333,0.031094128185742264
2022-06-13,DIS,0.0,0.04454348637172364
2022-06-14,DIS,-0.25,0.031454406026417345
2022-06-15,DIS,0.0,0.04185521899248509
2022-06-16,DIS,0.0,0.04187750270598836
2022-06-17,DIS,0.0,0.041723308585172016
2022-06-21,DIS,0.0,0.039089105392519766
2022-06-22,DIS,0.0,0.035625771161087935
2022-06-23,DIS,-1.0,0.0
2022-06-24,DIS,0.0,0.0383187552753647
2022-06-27,DIS,-1.0,0.0
2022-06-28,DIS,0.5,0.05765529740569106
2022-06-29,DIS,-0.3333333333333333,0.028569573404324398
2022-06-30,DIS,-1.0,0.0
2022-07-01,DIS,0.0,0.044140126518109946
2022-07-05,DIS,0.0,0.041871270187933844
2022-07-06,DIS,0.0,0.03814681633672159
2022-07-07,DIS,0.0,0.03517369037089608
2022-07-08,DIS,1.0,0.07455339139857438
2022-07-11,DIS,0.0,0.03998920926099307
2022-07-12,DIS,0.0,0.04295496701672175
2022-07-13,DIS,0.0,0.04005372431930703
2022-07-14,DIS,0.0,0.04152549874860173
2022-07-15,DIS,0.5,0.062166607079013225
2022-07-18,DIS,-0.5,0.02037066210316647
2022-07-19,DIS,-0.5,0.022176205768440625
2022-07-20,DIS,0.0,0.040499226500555034
2022-07-21,DIS,0.0,0.03738134397515424
2022-07-22,DIS,0.0,0.04341505521346075
2022-07-25,DIS,0.0,0.041769810372293784
2022-07-26,DIS,0.0,0.04429248581863393
2022-07-27,DIS,0.0,0.03801998275261779
2022-07-28,DIS,1.0,0.07566780594490971
2022-07-29,DIS,0.0,0.04329536074754442
2022-08-01,DIS,0.5,0.05884375277924898
2022-08-02,DIS,1.0,0.07504884768927698
2022-08-03,DIS,0.0,0.039487594872792874
2022-08-04,DIS,0.0,0.039111724084091505
2022-08-05,DIS,-1.0,0.0
2022-08-08,DIS,0.0,0.03600654664484452
2022-08-09,DIS,0.0,0.03908012640389535
2022-08-10,DIS,0.2857142857142857,0.05156185066879558
2022-08-11,DIS,0.0,0.03763172077946153
2022-08-12,DIS,0.25,0.04591727205022939
2022-08-15,DIS,0.0,0.03827617027988573
2022-08-16,DIS,0.0,0.04009006617714655
2022-08-17,DIS,0.0,0.04075232645121677
2022-08-18,DIS,0.0,0.03961343412113673
2022-08-19,DIS,0.0,0.03677522970861694
2022-08-22,DIS,0.0,0.041639044857817574
2022-08-23,DIS,0.0,0.04059069120148446
2022-08-24,DIS,0.0,0.04199965968655195
2022-08-25,DIS,0.0,0.042644079607415446
2022-08-26,DIS,0.0,0.039421397357850226
2022-08-29,DIS,0.0,0.04248269126802812
2022-08-30,DIS,0.0,0.04354042476541083
2022-08-31,DIS,0.0,0.042969041402461765
2022-09-01,DIS,0.0,0.042768050114557275
2022-09-02,DIS,0.0,0.041355999602346157
2022-09-06,DIS,0.0,0.040699384905549085
2022-09-07,DIS,0.0,0.0412940001905622
2022-09-08,DIS,0.0,0.03938608730316922
2022-09-09,DIS,0.0,0.03675651592782357
2022-09-12,DIS,-0.5,0.02
2022-09-13,DIS,0.0,0.0399144477377079
2022-09-14,DIS,0.0,0.04538630527652027
2022-09-15,DIS,0.0,0.038091792160984676
2022-09-16,DIS,1.0,0.07911636270228616
2022-09-19,DIS,0.0,0.03911606681204055
2022-09-20,DIS,0.0,0.04282818417985349
2022-09-21,DIS,0.0,0.040462953688574416
2022-09-22,DIS,0.0,0.060132477747878284
2022-09-23,DIS,0.0,0.04480255617684854
2022-09-26,DIS,0.0,0.04407378457390633
2022-09-27,DIS,0.0,0.040367207614432
2022-09-28,DIS,0.0,0.044948921679909194
2022-09-29,DIS,0.0,0.041824858405427275
2021-09-30,ENPH,0.0,0.040268456375838924
2021-10-01,ENPH,0.0,0.0404546720336194
2021-10-04,ENPH,0.0,0.04175483266638788
2021-10-05,ENPH,0.0,0.038292663754477776
2021-10-06,ENPH,0.0,0.03912478010225469
2021-10-07,ENPH,0.0,0.03892551375640442
2021-10-08,ENPH,0.0,0.03574873744538388
2021-10-11,ENPH,0.0,0.03815360542443604
2021-10-12,ENPH,0.0,0.039850909743464925
2021-10-13,ENPH,0.0,0.04025932353962698
2021-10-14,ENPH,0.0,0.038335842280851254
2021-10-15,ENPH,0.0,0.03883946484775954
2021-10-18,ENPH,0.0,0.04260777589494527
2021-10-19,ENPH,0.0,0.03751501524625004
2021-10-20,ENPH,0.0,0.0384898729083701
2021-10-21,ENPH,0.0,0.042773025219420065
2021-10-22,ENPH,0.0,0.039788214178381104
2021-10-25,ENPH,0.5,0.05913149746086518
2021-10-26,ENPH,0.5,0.053379851722634104
2021-10-27,ENPH,0.0,0.03754652011394496
2021-10-28,ENPH,0.0,0.04044757560439857
2021-10-29,ENPH,0.5,0.059780992807302764
2021-11-01,ENPH,0.5,0.056885208903854435
2021-11-02,ENPH,0.0,0.04156728758484043
2021-11-03,ENPH,0.0,0.03810640480726953
2021-11-04,ENPH,0.0,0.04028553544176718
2021-11-05,ENPH,0.0,0.03663287240160957
2021-11-08,ENPH,0.0,0.03761691671962014
2021-11-09,ENPH,0.0,0.039563389598379795
2021-11-10,ENPH,0.0,0.0390647226299692
2021-11-11,ENPH,0.0,0.03465729019262079
2021-11-12,ENPH,0.0,0.03767266638760988
2021-11-15,ENPH,0.0,0.037866175530203085
2021-11-16,ENPH,0.0,0.03855032381662256
2021-11-17,ENPH,0.0,0.03901465538156712
2021-11-18,ENPH,0.0,0.0409116750906957
2021-11-19,ENPH,0.0,0.03979304274211169
2021-11-22,ENPH,0.0,0.03866788657852228
2021-11-23,ENPH,0.0,0.03575936368049591
2021-11-24,ENPH,0.0,0.038311658572233606
2021-11-26,ENPH,0.0,0.04204333697811591
2021-11-29,ENPH,0.0,0.03645835706182772
2021-11-30,ENPH,0.0,0.03455000447217556
2021-12-01,ENPH,0.0,0.03893571805477288
2021-12-02,ENPH,0.5,0.06002163910109944
2021-12-03,ENPH,0.0,0.043220137734504865
2021-12-06,ENPH,0.0,0.03814895360536512
2021-12-07,ENPH,0.0,0.03940563691990846
2021-12-08,ENPH,0.0,0.038702944221720964
2021-12-09,ENPH,0.0,0.04449033649147441
2021-12-10,ENPH,0.0,0.04027128283161306
2021-12-13,ENPH,0.0,0.037092497072877435
2021-12-14,ENPH,0.0,0.038249598732872474
2021-12-15,ENPH,0.5,0.05224887245372121
2021-12-16,ENPH,0.0,0.039366244198216035
2021-12-17,ENPH,0.0,0.03707873958194363
2021-12-20,ENPH,0.0,0.0437862202189311
2021-12-21,ENPH,0.0,0.038327853452325034
2021-12-22,ENPH,0.0,0.04093277102455967
2021-12-23,ENPH,0.5,0.05682656826568266
2021-12-27,ENPH,0.0,0.04007809261469321
2021-12-28,ENPH,0.0,0.04019138755980861
2021-12-29,ENPH,0.0,0.03666192174538764
2021-12-30,ENPH,0.0,0.03845527841640175
2021-12-31,ENPH,0.0,0.039660290724095396
2022-01-03,ENPH,0.0,0.03706860917346019
2022-01-04,ENPH,0.0,0.03830332714714829
2022-01-05,ENPH,-0.5,0.021172203052449323
2022-01-06,ENPH,0.0,0.041535758027584004
2022-01-07,ENPH,0.0,0.040656527631380814
2022-01-10,ENPH,0.0,0.04289064371243587
2022-01-11,ENPH,0.0,0.0350100438777654
2022-01-12,ENPH,0.0,0.0393495803823657
2022-01-13,ENPH,0.0,0.03742039171474148
2022-01-14,ENPH,0.0,0.0383753302060186
2022-01-18,ENPH,0.0,0.04284323271665044
2022-01-19,ENPH,0.0,0.03943658416628443
2022-01-20,ENPH,0.0,0.04381470214173966
2022-01-21,ENPH,0.0,0.03993820880901247
2022-01-24,ENPH,0.0,0.04097845759963098
2022-01-25,ENPH,0.0,0.03914764891676676
2022-01-26,ENPH,0.0,0.0380970869074629
2022-01-27,ENPH,0.0,0.04257152176971855
2022-01-28,ENPH,0.0,0.03891911244459987
2022-01-31,ENPH,0.0,0.03763191454945019
2022-02-01,ENPH,0.0,0.03636008757160536
2022-02-02,ENPH,0.0,0.042847425831482905
2022-02-03,ENPH,0.0,0.040664514451770994
2022-02-04,ENPH,0.0,0.03903541839915894
2022-02-07,ENPH,0.0,0.04064429271174184
2022-02-08,ENPH,1.0,0.08095647800769963
2022-02-09,ENPH,0.0,0.03938141954174348
2022-02-10,ENPH,0.0,0.041180062981272796
2022-02-11,ENPH,0.0,0.04435826522256385
2022-02-14,ENPH,0.0,0.03849872774953338
2022-02-15,ENPH,0.0,0.03903881700554528
2022-02-16,ENPH,0.0,0.04134961913757667
2022-02-17,ENPH,0.0,0.04111750459387209
2022-02-18,ENPH,0.0,0.04019801339876037
2022-02-22,ENPH,0.0,0.040309403381589205
2022-02-23,ENPH,0.0,0.042994398592272276
2022-02-24,ENPH,0.0,0.04066835933436894
2022-02-25,ENPH,0.0,0.03650233884052573
2022-02-28,ENPH,0.0,0.03743378671827441
2022-03-01,ENPH,0.0,0.04137107677123437
2022-03-02,ENPH,0.0,0.04144041154615605
2022-03-03,ENPH,0.0,0.042375375198634574
2022-03-04,ENPH,0.0,0.04059776044724075
2022-03-07,ENPH,0.0,0.044470571663880666
2022-03-08,ENPH,0.0,0.042587215390808786
2022-03-09,ENPH,0.0,0.041936700776357236
2022-03-10,ENPH,0.0,0.04114634393608941
2022-03-11,ENPH,0.0,0.04105453813644597
2022-03-14,ENPH,0.0,0.04259240273311343
2022-03-15,ENPH,0.0,0.037388118886664906
2022-03-16,ENPH,0.0,0.03860922546126971
2022-03-17,ENPH,0.0,0.03943764834763557
2022-03-18,ENPH,0.0,0.038225187042047706
2022-03-21,ENPH,0.0,0.03699197438082824
2022-03-22,ENPH,0.0,0.0401822140001
2022-03-23,ENPH,0.0,0.03922940076330074
2022-03-24,ENPH,0.0,0.0393835717185505
2022-03-25,ENPH,0.0,0.040969947243063964
2022-03-28,ENPH,0.0,0.038330647803325596
2022-03-29,ENPH,0.5,0.05382563108423421
2022-03-30,ENPH,0.0,0.038937739349428006
2022-03-31,ENPH,0.0,0.041880051661098344
2022-04-01,ENPH,0.0,0.038143643953734735
2022-04-04,ENPH,0.0,0.0382390671931725
2022-04-05,ENPH,0.0,0.038390907887549244
2022-04-06,ENPH,0.0,0.04273898088949882
2022-04-07,ENPH,0.0,0.041331304073072665
2022-04-08,ENPH,0.0,0.039445933117280924
2022-04-11,ENPH,0.0,0.03898456860825923
2022-04-12,ENPH,0.0,0.041206282253291995
2022-04-13,ENPH,0.0,0.04054697692397959
2022-04-14,ENPH,0.0,0.04033641544545243
2022-04-18,ENPH,0.0,0.03952532668421296
2022-04-19,ENPH,0.0,0.039848275295438676
2022-04-20,ENPH,0.0,0.04360877717140296
2022-04-21,ENPH,0.0,0.041778633035635136
2022-04-22,ENPH,0.0,0.04160269144205021
2022-04-25,ENPH,0.0,0.04592951051346838
2022-04-26,ENPH,1.0,0.07996071005894718
2022-04-27,ENPH,0.0,0.04495656939885176
2022-04-28,ENPH,0.0,0.040314509408532664
2022-04-29,ENPH,0.0,0.041789268446956004
2022-05-02,ENPH,0.0,0.04792893583723014
2022-05-03,ENPH,-1.0,0.0
2022-05-04,ENPH,1.0,0.0725769611042679
2022-05-05,ENPH,0.0,0.04258852902196842
2022-05-06,ENPH,1.0,0.07767548009809114
2022-05-09,ENPH,0.0,0.0383713184585807
2022-05-10,ENPH,0.0,0.041719629886211355
2022-05-11,ENPH,0.0,0.0398834418214438
2022-05-12,ENPH,0.0,0.045810260017411716
2022-05-13,ENPH,0.0,0.04186510463794823
2022-05-16,ENPH,0.0,0.03804601872686361
2022-05-17,ENPH,0.0,0.03897082100712828
2022-05-18,ENPH,0.0,0.043679958718115745
2022-05-19,ENPH,0.0,0.04451720774696949
2022-05-20,ENPH,0.0,0.041321238889123785
2022-05-23,ENPH,0.0,0.03817468673420276
2022-05-24,ENPH,0.0,0.047003586080773804
2022-05-25,ENPH,0.0,0.041061884010048316
2022-05-26,ENPH,0.0,0.03895922621634697
2022-05-27,ENPH,0.0,0.03662066420881741
2022-05-31,ENPH,0.0,0.04241729042137388
2022-06-01,ENPH,0.0,0.03900910828885103
2022-06-02,ENPH,0.0,0.039586427510567804
2022-06-03,ENPH,1.0,0.07977594410742418
2022-06-06,ENPH,0.0,0.03642592097493045
2022-06-07,ENPH,0.0,0.043535502610832735
2022-06-08,ENPH,0.0,0.042900403768506054
2022-06-09,ENPH,0.0,0.039996669546121584
2022-06-10,ENPH,0.0,0.04664119227861339
2022-06-13,ENPH,0.0,0.04454348637172364
2022-06-14,ENPH,0.0,0.04193920803522313
2022-06-15,ENPH,-1.0,0.0
2022-06-16,ENPH,0.0,0.04187750270598836
2022-06-17,ENPH,0.0,0.041723308585172016
2022-06-21,ENPH,0.0,0.039089105392519766
2022-06-22,ENPH,0.0,0.035625771161087935
2022-06-23,ENPH,0.0,0.04094488188976378
2022-06-24,ENPH,0.0,0.0383187552753647
2022-06-27,ENPH,0.0,0.04108182129407737
2022-06-28,ENPH,0.0,0.03843686493712738
2022-06-29,ENPH,0.0,0.04285436010648659
2022-06-30,ENPH,0.0,0.04293990343883852
2022-07-01,ENPH,0.0,0.044140126518109946
2022-07-05,ENPH,0.0,0.041871270187933844
2022-07-06,ENPH,0.0,0.03814681633672159
2022-07-07,ENPH,1.0,0.07034738074179216
2022-07-08,ENPH,0.0,0.03727669569928719
2022-07-11,ENPH,0.0,0.03998920926099307
2022-07-12,ENPH,0.0,0.04295496701672175
2022-07-13,ENPH,0.0,0.04005372431930703
2022-07-14,ENPH,0.0,0.04152549874860173
2022-07-15,ENPH,0.0,0.04144440471934215
2022-07-18,ENPH,0.0,0.04074132420633294
2022-07-19,ENPH,0.0,0.04435241153688125
2022-07-20,ENPH,0.0,0.040499226500555034
2022-07-21,ENPH,0.0,0.03738134397515424
2022-07-22,ENPH,-1.0,0.0
2022-07-25,ENPH,0.0,0.041769810372293784
2022-07-26,ENPH,0.0,0.04429248581863393
2022-07-27,ENPH,0.0,0.03801998275261779
2022-07-28,ENPH,0.6,0.060534244755927766
2022-07-29,ENPH,-0.3333333333333333,0.028863573831696285
2022-08-01,ENPH,0.0,0.03922916851949932
2022-08-02,ENPH,0.0,0.03752442384463849
2022-08-03,ENPH,-1.0,0.0
2022-08-04,ENPH,0.0,0.039111724084091505
2022-08-05,ENPH,0.0,0.0426319887822767
2022-08-08,ENPH,0.0,0.03600654664484452
2022-08-09,ENPH,0.0,0.03908012640389535
2022-08-10,ENPH,0.0,0.04010366163128545
2022-08-11,ENPH,-0.3333333333333333,0.02508781385297436
2022-08-12,ENPH,1.0,0.07346763528036702
2022-08-15,ENPH,0.0,0.03827617027988573
2022-08-16,ENPH,0.0,0.04009006617714655
2022-08-17,ENPH,-0.5,0.020376163225608385
2022-08-18,ENPH,0.0,0.03961343412113673
2022-08-19,ENPH,0.0,0.03677522970861694
2022-08-22,ENPH,-1.0,0.0
2022-08-23,ENPH,-0.5,0.02029534560074223
2022-08-24,ENPH,0.3333333333333333,0.055999546248735925
2022-08-25,ENPH,0.5,0.06396611941112317
2022-08-26,ENPH,-1.0,0.0
2022-08-29,ENPH,0.0,0.04248269126802812
2022-08-30,ENPH,-1.0,0.0
2022-08-31,ENPH,0.0,0.042969041402461765
2022-09-01,ENPH,-1.0,0.0
2022-09-02,ENPH,0.0,0.041355999602346157
2022-09-06,ENPH,-0.3333333333333333,0.027132923270366063
2022-09-07,ENPH,0.0,0.0412940001905622
2022-09-08,ENPH,0.25,0.049232609128961526
2022-09-09,ENPH,0.0,0.03675651592782357
2022-09-12,ENPH,-0.5,0.02
2022-09-13,ENPH,0.0,0.0399144477377079
2022-09-14,ENPH,-0.6666666666666666,0.015128768425506759
2022-09-15,ENPH,0.5,0.05713768824147701
2022-09-16,ENPH,0.0,0.03955818135114308
2022-09-19,ENPH,0.0,0.03911606681204055
2022-09-20,ENPH,0.0,0.04282818417985349
2022-09-21,ENPH,0.0,0.040462953688574416
2022-09-22,ENPH,-0.5,0.030066238873939142
2022-09-23,ENPH,-1.0,0.0
2022-09-26,ENPH,0.0,0.04407378457390633
2022-09-27,ENPH,0.0,0.040367207614432
2022-09-28,ENPH,0.0,0.044948921679909194
2022-09-29,ENPH,0.0,0.041824858405427275
2021-09-30,F,0.0,0.040268456375838924
2021-10-01,F,0.0,0.0404546720336194
2021-10-04,F,0.0,0.04175483266638788
2021-10-05,F,0.0,0.038292663754477776
2021-10-06,F,0.0,0.03912478010225469
2021-10-07,F,0.0,0.03892551375640442
2021-10-08,F,0.0,0.03574873744538388
2021-10-11,F,0.0,0.03815360542443604
2021-10-12,F,0.0,0.039850909743464925
2021-10-13,F,0.0,0.04025932353962698
2021-10-14,F,0.0,0.038335842280851254
2021-10-15,F,0.0,0.03883946484775954
2021-10-18,F,0.0,0.04260777589494527
2021-10-19,F,0.0,0.03751501524625004
2021-10-20,F,0.0,0.0384898729083701
2021-10-21,F,0.0,0.042773025219420065
2021-10-22,F,0.0,0.039788214178381104
2021-10-25,F,0.0,0.03942099830724345
2021-10-26,F,0.0,0.035586567815089405
2021-10-27,F,0.0,0.03754652011394496
2021-10-28,F,0.0,0.04044757560439857
2021-10-29,F,0.0,0.039853995204868514
2021-11-01,F,0.0,0.037923472602569626
2021-11-02,F,0.0,0.04156728758484043
2021-11-03,F,0.0,0.03810640480726953
2021-11-04,F,0.0,0.04028553544176718
2021-11-05,F,0.0,0.03663287240160957
2021-11-08,F,0.0,0.03761691671962014
2021-11-09,F,0.0,0.039563389598379795
2021-11-10,F,0.0,0.0390647226299692
2021-11-11,F,0.0,0.03465729019262079
2021-11-12,F,0.0,0.03767266638760988
2021-11-15,F,0.0,0.037866175530203085
2021-11-16,F,0.0,0.03855032381662256
2021-11-17,F,0.0,0.03901465538156712
2021-11-18,F,0.0,0.0409116750906957
2021-11-19,F,0.0,0.03979304274211169
2021-11-22,F,0.0,0.03866788657852228
2021-11-23,F,0.0,0.03575936368049591
2021-11-24,F,0.0,0.038311658572233606
2021-11-26,F,0.0,0.04204333697811591
2021-11-29,F,0.0,0.03645835706182772
2021-11-30,F,0.0,0.03455000447217556
2021-12-01,F,0.0,0.03893571805477288
2021-12-02,F,0.0,0.04001442606739963
2021-12-03,F,0.0,0.043220137734504865
2021-12-06,F,0.0,0.03814895360536512
2021-12-07,F,0.0,0.03940563691990846
2021-12-08,F,0.0,0.038702944221720964
2021-12-09,F,0.0,0.04449033649147441
2021-12-10,F,0.0,0.04027128283161306
2021-12-13,F,0.0,0.037092497072877435
2021-12-14,F,0.0,0.038249598732872474
2021-12-15,F,0.0,0.03483258163581414
2021-12-16,F,0.0,0.039366244198216035
2021-12-17,F,0.0,0.03707873958194363
2021-12-20,F,0.0,0.0437862202189311
2021-12-21,F,0.0,0.038327853452325034
2021-12-22,F,0.0,0.04093277102455967
2021-12-23,F,0.0,0.03788437884378844
2021-12-27,F,0.0,0.04007809261469321
2021-12-28,F,0.0,0.04019138755980861
2021-12-29,F,0.0,0.03666192174538764
2021-12-30,F,0.0,0.03845527841640175
2021-12-31,F,0.0,0.039660290724095396
2022-01-03,F,0.0,0.03706860917346019
2022-01-04,F,0.0,0.03830332714714829
2022-01-05,F,0.0,0.042344406104898646
2022-01-06,F,0.0,0.041535758027584004
2022-01-07,F,0.0,0.040656527631380814
2022-01-10,F,0.0,0.04289064371243587
2022-01-11,F,0.0,0.0350100438777654
2022-01-12,F,0.0,0.0393495803823657
2022-01-13,F,0.0,0.03742039171474148
2022-01-14,F,0.0,0.0383753302060186
2022-01-18,F,0.0,0.04284323271665044
2022-01-19,F,0.0,0.03943658416628443
2022-01-20,F,0.0,0.04381470214173966
2022-01-21,F,0.0,0.03993820880901247
2022-01-24,F,0.0,0.04097845759963098
2022-01-25,F,0.0,0.03914764891676676
2022-01-26,F,0.0,0.0380970869074629
2022-01-27,F,0.0,0.04257152176971855
2022-01-28,F,0.0,0.03891911244459987
2022-01-31,F,0.0,0.03763191454945019
2022-02-01,F,0.0,0.03636008757160536
2022-02-02,F,0.0,0.042847425831482905
2022-02-03,F,0.0,0.040664514451770994
2022-02-04,F,0.0,0.03903541839915894
2022-02-07,F,0.0,0.04064429271174184
2022-02-08,F,0.0,0.040478239003849815
2022-02-09,F,0.0,0.03938141954174348
2022-02-10,F,0.0,0.041180062981272796
2022-02-11,F,0.0,0.04435826522256385
2022-02-14,F,0.0,0.03849872774953338
2022-02-15,F,0.0,0.03903881700554528
2022-02-16,F,0.0,0.04134961913757667
2022-02-17,F,0.0,0.04111750459387209
2022-02-18,F,0.0,0.04019801339876037
2022-02-22,F,0.0,0.040309403381589205
2022-02-23,F,0.0,0.042994398592272276
2022-02-24,F,0.0,0.04066835933436894
2022-02-25,F,1.0,0.07300467768105146
2022-02-28,F,1.0,0.07486757343654882
2022-03-01,F,0.0,0.04137107677123437
2022-03-02,F,0.0,0.04144041154615605
2022-03-03,F,0.0,0.042375375198634574
2022-03-04,F,0.0,0.04059776044724075
2022-03-07,F,0.0,0.044470571663880666
2022-03-08,F,0.0,0.042587215390808786
2022-03-09,F,0.0,0.041936700776357236
2022-03-10,F,0.0,0.04114634393608941
2022-03-11,F,0.0,0.04105453813644597
2022-03-14,F,0.0,0.04259240273311343
2022-03-15,F,0.0,0.037388118886664906
2022-03-16,F,0.0,0.03860922546126971
2022-03-17,F,0.0,0.03943764834763557
2022-03-18,F,0.0,0.038225187042047706
2022-03-21,F,0.0,0.03699197438082824
2022-03-22,F,0.0,0.0401822140001
2022-03-23,F,0.0,0.03922940076330074
2022-03-24,F,0.0,0.0393835717185505
2022-03-25,F,0.0,0.040969947243063964
2022-03-28,F,0.0,0.038330647803325596
2022-03-29,F,0.0,0.03588375405615614
2022-03-30,F,0.0,0.038937739349428006
2022-03-31,F,0.0,0.041880051661098344
2022-04-01,F,0.0,0.038143643953734735
2022-04-04,F,0.0,0.0382390671931725
2022-04-05,F,0.0,0.038390907887549244
2022-04-06,F,0.0,0.04273898088949882
2022-04-07,F,0.0,0.041331304073072665
2022-04-08,F,0.0,0.039445933117280924
2022-04-11,F,0.0,0.03898456860825923
2022-04-12,F,0.0,0.041206282253291995
2022-04-13,F,0.0,0.04054697692397959
2022-04-14,F,0.0,0.04033641544545243
2022-04-18,F,0.0,0.03952532668421296
2022-04-19,F,0.0,0.039848275295438676
2022-04-20,F,0.0,0.04360877717140296
2022-04-21,F,0.0,0.041778633035635136
2022-04-22,F,0.0,0.04160269144205021
2022-04-25,F,0.0,0.04592951051346838
2022-04-26,F,0.0,0.03998035502947359
2022-04-27,F,0.0,0.04495656939885176
2022-04-28,F,0.0,0.040314509408532664
2022-04-29,F,1.0,0.08357853689391201
2022-05-02,F,0.0,0.04792893583723014
2022-05-03,F,0.0,0.03828200498604768
2022-05-04,F,0.0,0.03628848055213395
2022-05-05,F,0.0,0.04258852902196842
2022-05-06,F,0.0,0.03883774004904557
2022-05-09,F,1.0,0.0767426369171614
2022-05-10,F,0.0,0.041719629886211355
2022-05-11,F,0.0,0.0398834418214438
2022-05-12,F,0.0,0.045810260017411716
2022-05-13,F,0.0,0.04186510463794823
2022-05-16,F,0.0,0.03804601872686361
2022-05-17,F,0.0,0.03897082100712828
2022-05-18,F,0.0,0.043679958718115745
2022-05-19,F,0.0,0.04451720774696949
2022-05-20,F,0.0,0.041321238889123785
2022-05-23,F,0.0,0.03817468673420276
2022-05-24,F,0.0,0.047003586080773804
2022-05-25,F,0.0,0.041061884010048316
2022-05-26,F,1.0,0.07791845243269394
2022-05-27,F,0.0,0.03662066420881741
2022-05-31,F,0.0,0.04241729042137388
2022-06-01,F,0.0,0.03900910828885103
2022-06-02,F,0.0,0.039586427510567804
2022-06-03,F,0.0,0.03988797205371209
2022-06-06,F,0.0,0.03642592097493045
2022-06-07,F,0.0,0.043535502610832735
2022-06-08,F,0.0,0.042900403768506054
2022-06-09,F,0.0,0.039996669546121584
2022-06-10,F,0.0,0.04664119227861339
2022-06-13,F,0.0,0.04454348637172364
2022-06-14,F,0.0,0.04193920803522313
2022-06-15,F,0.0,0.04185521899248509
2022-06-16,F,0.0,0.04187750270598836
2022-06-17,F,0.0,0.041723308585172016
2022-06-21,F,0.0,0.039089105392519766
2022-06-22,F,0.0,0.035625771161087935
2022-06-23,F,0.0,0.04094488188976378
2022-06-24,F,0.0,0.0383187552753647
2022-06-27,F,0.0,0.04108182129407737
2022-06-28,F,0.0,0.03843686493712738
2022-06-29,F,0.0,0.04285436010648659
2022-06-30,F,0.0,0.04293990343883852
2022-07-01,F,0.0,0.044140126518109946
2022-07-05,F,0.0,0.041871270187933844
2022-07-06,F,0.0,0.03814681633672159
2022-07-07,F,0.0,0.03517369037089608
2022-07-08,F,0.0,0.03727669569928719
2022-07-11,F,0.0,0.03998920926099307
2022-07-12,F,0.0,0.04295496701672175
2022-07-13,F,0.0,0.04005372431930703
2022-07-14,F,0.0,0.04152549874860173
2022-07-15,F,0.0,0.04144440471934215
2022-07-18,F,0.0,0.04074132420633294
2022-07-19,F,0.0,0.04435241153688125
2022-07-20,F,0.0,0.040499226500555034
2022-07-21,F,0.0,0.03738134397515424
2022-07-22,F,0.0,0.04341505521346075
2022-07-25,F,0.0,0.041769810372293784
2022-07-26,F,0.0,0.04429248581863393
2022-07-27,F,0.0,0.03801998275261779
2022-07-28,F,0.0,0.037833902972454855
2022-07-29,F,0.0,0.04329536074754442
2022-08-01,F,0.0,0.03922916851949932
2022-08-02,F,0.0,0.03752442384463849
2022-08-03,F,0.0,0.039487594872792874
2022-08-04,F,0.0,0.039111724084091505
2022-08-05,F,0.0,0.0426319887822767
2022-08-08,F,0.0,0.03600654664484452
2022-08-09,F,0.0,0.03908012640389535
2022-08-10,F,0.0,0.04010366163128545
2022-08-11,F,0.0,0.03763172077946153
2022-08-12,F,0.0,0.03673381764018351
2022-08-15,F,0.0,0.03827617027988573
2022-08-16,F,0.0,0.04009006617714655
2022-08-17,F,-1.0,0.0
2022-08-18,F,0.0,0.03961343412113673
2022-08-19,F,1.0,0.07355045941723388
2022-08-22,F,0.0,0.041639044857817574
2022-08-23,F,0.0,0.04059069120148446
2022-08-24,F,0.0,0.04199965968655195
2022-08-25,F,0.0,0.042644079607415446
2022-08-26,F,0.0,0.039421397357850226
2022-08-29,F,0.0,0.04248269126802812
2022-08-30,F,0.0,0.04354042476541083
2022-08-31,F,0.0,0.042969041402461765
2022-09-01,F,0.0,0.042768050114557275
2022-09-02,F,0.0,0.041355999602346157
2022-09-06,F,0.0,0.040699384905549085
2022-09-07,F,0.0,0.0412940001905622
2022-09-08,F,0.0,0.03938608730316922
2022-09-09,F,0.0,0.03675651592782357
2022-09-12,F,0.0,0.04
2022-09-13,F,0.0,0.0399144477377079
2022-09-14,F,0.0,0.04538630527652027
2022-09-15,F,0.0,0.038091792160984676
2022-09-16,F,0.0,0.03955818135114308
2022-09-19,F,0.0,0.03911606681204055
2022-09-20,F,0.0,0.04282818417985349
2022-09-21,F,0.0,0.040462953688574416
2022-09-22,F,0.0,0.060132477747878284
2022-09-23,F,0.0,0.04480255617684854
2022-09-26,F,0.0,0.04407378457390633
2022-09-27,F,0.0,0.040367207614432
2022-09-28,F,0.0,0.044948921679909194
2022-09-29,F,0.0,0.041824858405427275
2021-09-30,GOOG,0.0,0.040268456375838924
2021-10-01,GOOG,-0.5,0.0202273360168097
2021-10-04,GOOG,0.0,0.04175483266638788
2021-10-05,GOOG,0.0,0.038292663754477776
2021-10-06,GOOG,0.0,0.03912478010225469
2021-10-07,GOOG,0.0,0.03892551375640442
2021-10-08,GOOG,0.0,0.03574873744538388
2021-10-11,GOOG,0.0,0.03815360542443604
2021-10-12,GOOG,0.0,0.039850909743464925
2021-10-13,GOOG,0.0,0.04025932353962698
2021-10-14,GOOG,0.0,0.038335842280851254
2021-10-15,GOOG,0.0,0.03883946484775954
2021-10-18,GOOG,0.3333333333333333,0.05681036785992702
2021-10-19,GOOG,0.0,0.03751501524625004
2021-10-20,GOOG,0.0,0.0384898729083701
2021-10-21,GOOG,-1.0,0.0
2021-10-22,GOOG,0.0,0.039788214178381104
2021-10-25,GOOG,0.0,0.03942099830724345
2021-10-26,GOOG,0.0,0.035586567815089405
2021-10-27,GOOG,0.1,0.04130117212533946
2021-10-28,GOOG,0.25,0.050559469505498215
2021-10-29,GOOG,0.0,0.039853995204868514
2021-11-01,GOOG,-0.3333333333333333,0.025282315068379756
2021-11-02,GOOG,0.0,0.04156728758484043
2021-11-03,GOOG,0.25,0.04763300600908692
2021-11-04,GOOG,0.0,0.04028553544176718
2021-11-05,GOOG,0.0,0.03663287240160957
2021-11-08,GOOG,0.0,0.03761691671962014
2021-11-09,GOOG,0.0,0.039563389598379795
2021-11-10,GOOG,0.0,0.0390647226299692
2021-11-11,GOOG,0.0,0.03465729019262079
2021-11-12,GOOG,0.0,0.03767266638760988
2021-11-15,GOOG,0.0,0.037866175530203085
2021-11-16,GOOG,0.0,0.03855032381662256
2021-11-17,GOOG,0.0,0.03901465538156712
2021-11-18,GOOG,0.0,0.0409116750906957
2021-11-19,GOOG,0.0,0.03979304274211169
2021-11-22,GOOG,0.0,0.03866788657852228
2021-11-23,GOOG,0.0,0.03575936368049591
2021-11-24,GOOG,0.0,0.038311658572233606
2021-11-26,GOOG,0.0,0.04204333697811591
2021-11-29,GOOG,-1.0,0.0
2021-11-30,GOOG,0.0,0.03455000447217556
2021-12-01,GOOG,-0.5,0.01946785902738644
2021-12-02,GOOG,0.3333333333333333,0.053352568089866166
2021-12-03,GOOG,0.0,0.043220137734504865
2021-12-06,GOOG,0.0,0.03814895360536512
2021-12-07,GOOG,-0.6666666666666666,0.013135212306636156
2021-12-08,GOOG,0.0,0.038702944221720964
2021-12-09,GOOG,0.0,0.04449033649147441
2021-12-10,GOOG,0.0,0.04027128283161306
2021-12-13,GOOG,0.3333333333333333,0.049456662763836576
2021-12-14,GOOG,0.0,0.038249598732872474
2021-12-15,GOOG,0.0,0.03483258163581414
2021-12-16,GOOG,0.0,0.039366244198216035
2021-12-17,GOOG,0.0,0.03707873958194363
2021-12-20,GOOG,-0.5,0.02189311010946555
2021-12-21,GOOG,0.0,0.038327853452325034
2021-12-22,GOOG,0.0,0.04093277102455967
2021-12-23,GOOG,0.0,0.03788437884378844
2021-12-27,GOOG,0.0,0.04007809261469321
2021-12-28,GOOG,0.14285714285714285,0.045933014354066985
2021-12-29,GOOG,0.6666666666666666,0.0611032029089794
2021-12-30,GOOG,-0.08333333333333333,0.0352506718817016
2021-12-31,GOOG,0.0,0.039660290724095396
2022-01-03,GOOG,0.0,0.03706860917346019
2022-01-04,GOOG,-0.3333333333333333,0.0255355514314322
2022-01-05,GOOG,0.0,0.042344406104898646
2022-01-06,GOOG,0.0,0.041535758027584004
2022-01-07,GOOG,0.0,0.040656527631380814
2022-01-10,GOOG,-0.4,0.025734386227461523
2022-01-11,GOOG,-0.6666666666666666,0.011670014625921803
2022-01-12,GOOG,0.0,0.0393495803823657
2022-01-13,GOOG,0.0,0.03742039171474148
2022-01-14,GOOG,-0.16666666666666666,0.031979441838348825
2022-01-18,GOOG,0.0,0.04284323271665044
2022-01-19,GOOG,-0.5,0.019718292083142214
2022-01-20,GOOG,0.0,0.04381470214173966
2022-01-21,GOOG,-0.2,0.03195056704720998
2022-01-24,GOOG,-0.25,0.030733843199723235
2022-01-25,GOOG,0.25,0.048934561145958455
2022-01-26,GOOG,-0.75,0.009524271726865725
2022-01-27,GOOG,0.0,0.04257152176971855
2022-01-28,GOOG,0.25,0.048648890555749835
2022-01-31,GOOG,0.2857142857142857,0.048383890135007386
2022-02-01,GOOG,0.0847457627118644,0.03944145092513124
2022-02-02,GOOG,0.022222222222222223,0.043799590849960296
2022-02-03,GOOG,-0.16666666666666666,0.03388709537647583
2022-02-04,GOOG,0.0,0.03903541839915894
2022-02-07,GOOG,0.0,0.04064429271174184
2022-02-08,GOOG,-0.16666666666666666,0.03373186583654151
2022-02-09,GOOG,0.0,0.03938141954174348
2022-02-10,GOOG,-0.3333333333333333,0.027453375320848534
2022-02-11,GOOG,-0.5,0.022179132611281925
2022-02-14,GOOG,0.0,0.03849872774953338
2022-02-15,GOOG,0.0,0.03903881700554528
2022-02-16,GOOG,0.0,0.04134961913757667
2022-02-17,GOOG,0.0,0.04111750459387209
2022-02-18,GOOG,0.0,0.04019801339876037
2022-02-22,GOOG,-0.2,0.03224752270527136
2022-02-23,GOOG,-0.25,0.03224579894420421
2022-02-24,GOOG,0.0,0.04066835933436894
2022-02-25,GOOG,0.0,0.03650233884052573
2022-02-28,GOOG,0.0,0.03743378671827441
2022-03-01,GOOG,-0.5,0.020685538385617184
2022-03-02,GOOG,0.0,0.04144041154615605
2022-03-03,GOOG,0.0,0.042375375198634574
2022-03-04,GOOG,0.3333333333333333,0.054130347262987655
2022-03-07,GOOG,-0.5,0.022235285831940333
2022-03-08,GOOG,0.14285714285714285,0.04867110330378147
2022-03-09,GOOG,0.2,0.050324040931628684
2022-03-10,GOOG,0.25,0.05143292992011177
2022-03-11,GOOG,0.0,0.04105453813644597
2022-03-14,GOOG,0.0,0.04259240273311343
2022-03-15,GOOG,0.0,0.037388118886664906
2022-03-16,GOOG,0.0,0.03860922546126971
2022-03-17,GOOG,0.0,0.03943764834763557
2022-03-18,GOOG,0.0,0.038225187042047706
2022-03-21,GOOG,0.14285714285714285,0.04227654214951799
2022-03-22,GOOG,0.0,0.0401822140001
2022-03-23,GOOG,0.0,0.03922940076330074
2022-03-24,GOOG,0.0,0.0393835717185505
2022-03-25,GOOG,0.0,0.040969947243063964
2022-03-28,GOOG,0.0,0.038330647803325596
2022-03-29,GOOG,0.0,0.03588375405615614
2022-03-30,GOOG,0.0,0.038937739349428006
2022-03-31,GOOG,0.0,0.041880051661098344
2022-04-01,GOOG,0.0,0.038143643953734735
2022-04-04,GOOG,0.0,0.0382390671931725
2022-04-05,GOOG,0.0,0.038390907887549244
2022-04-06,GOOG,-0.5,0.02136949044474941
2022-04-07,GOOG,-1.0,0.0
2022-04-08,GOOG,0.0,0.039445933117280924
2022-04-11,GOOG,0.3333333333333333,0.0519794248110123
2022-04-12,GOOG,-0.3333333333333333,0.027470854835528004
2022-04-13,GOOG,0.0,0.04054697692397959
2022-04-14,GOOG,-0.25,0.030252311584089323
2022-04-18,GOOG,0.0,0.03952532668421296
2022-04-19,GOOG,0.0,0.039848275295438676
2022-04-20,GOOG,0.0,0.04360877717140296
2022-04-21,GOOG,-0.125,0.03655630390618075
2022-04-22,GOOG,-0.13333333333333333,0.036055665916443526
2022-04-25,GOOG,0.0,0.04592951051346838
2022-04-26,GOOG,-0.24242424242424243,0.030288147749601205
2022-04-27,GOOG,-0.17647058823529413,0.03702305715199557
2022-04-28,GOOG,0.0,0.040314509408532664
2022-04-29,GOOG,0.1,0.04596819529165161
2022-05-02,GOOG,-0.25,0.0359467018779226
2022-05-03,GOOG,0.0,0.03828200498604768
2022-05-04,GOOG,0.0,0.03628848055213395
2022-05-05,GOOG,0.0,0.04258852902196842
2022-05-06,GOOG,0.0,0.03883774004904557
2022-05-09,GOOG,0.0,0.0383713184585807
2022-05-10,GOOG,0.0,0.041719629886211355
2022-05-11,GOOG,0.5,0.0598251627321657
2022-05-12,GOOG,-0.8,0.009162052003482342
2022-05-13,GOOG,-0.6666666666666666,0.01395503487931608
2022-05-16,GOOG,0.0,0.03804601872686361
2022-05-17,GOOG,0.3333333333333333,0.051961094676171035
2022-05-18,GOOG,0.0,0.043679958718115745
2022-05-19,GOOG,0.25,0.05564650968371186
2022-05-20,GOOG,-0.3333333333333333,0.027547492592749193
2022-05-23,GOOG,-0.2222222222222222,0.02969142301549104
2022-05-24,GOOG,0.0,0.047003586080773804
2022-05-25,GOOG,-0.2,0.03284950720803865
2022-05-26,GOOG,0.0,0.03895922621634697
2022-05-27,GOOG,0.0,0.03662066420881741
2022-05-31,GOOG,-0.5,0.02120864521068694
2022-06-01,GOOG,0.0,0.03900910828885103
2022-06-02,GOOG,0.0,0.039586427510567804
2022-06-03,GOOG,0.0,0.03988797205371209
2022-06-06,GOOG,0.0,0.03642592097493045
2022-06-07,GOOG,-0.5,0.021767751305416368
2022-06-08,GOOG,-0.25,0.03217530282637954
2022-06-09,GOOG,0.0,0.039996669546121584
2022-06-10,GOOG,0.0,0.04664119227861339
2022-06-13,GOOG,0.0,0.04454348637172364
2022-06-14,GOOG,0.25,0.05242401004402891
2022-06-15,GOOG,0.0,0.04185521899248509
2022-06-16,GOOG,0.0,0.04187750270598836
2022-06-17,GOOG,-0.5,0.020861654292586008
2022-06-21,GOOG,0.0,0.039089105392519766
2022-06-22,GOOG,0.25,0.044532213951359916
2022-06-23,GOOG,0.0,0.04094488188976378
2022-06-24,GOOG,0.0,0.0383187552753647
2022-06-27,GOOG,0.0,0.04108182129407737
2022-06-28,GOOG,0.3333333333333333,0.05124915324950316
2022-06-29,GOOG,0.0,0.04285436010648659
2022-06-30,GOOG,0.0,0.04293990343883852
2022-07-01,GOOG,0.0,0.044140126518109946
2022-07-05,GOOG,0.0,0.041871270187933844
2022-07-06,GOOG,0.0,0.03814681633672159
2022-07-07,GOOG,0.2,0.04220842844507529
2022-07-08,GOOG,0.0,0.03727669569928719
2022-07-11,GOOG,0.5,0.0599838138914896
2022-07-12,GOOG,0.0,0.04295496701672175
2022-07-13,GOOG,-0.25,0.03004029323948027
2022-07-14,GOOG,0.0,0.04152549874860173
2022-07-15,GOOG,0.0,0.04144440471934215
2022-07-18,GOOG,-0.2,0.03259305936506635
2022-07-19,GOOG,0.0,0.04435241153688125
2022-07-20,GOOG,-0.42857142857142855,0.023142415143174302
2022-07-21,GOOG,0.5,0.056072015962731356
2022-07-22,GOOG,-0.25,0.03256129141009556
2022-07-25,GOOG,0.2,0.050123772446752535
2022-07-26,GOOG,0.0,0.04429248581863393
2022-07-27,GOOG,-0.15384615384615385,0.03217075463683044
2022-07-28,GOOG,0.14285714285714285,0.04323874625423412
2022-07-29,GOOG,0.16666666666666666,0.05051125420546849
2022-08-01,GOOG,0.0,0.03922916851949932
2022-08-02,GOOG,0.0,0.03752442384463849
2022-08-03,GOOG,0.25,0.049359493590991094
2022-08-04,GOOG,0.0,0.039111724084091505
2022-08-05,GOOG,0.0,0.0426319887822767
2022-08-08,GOOG,0.0,0.03600654664484452
2022-08-09,GOOG,-0.3333333333333333,0.026053417602596902
2022-08-10,GOOG,-0.3333333333333333,0.026735774420856975
2022-08-11,GOOG,-0.3333333333333333,0.02508781385297436
2022-08-12,GOOG,0.0,0.03673381764018351
2022-08-15,GOOG,0.0,0.03827617027988573
2022-08-16,GOOG,-0.25,0.03006754963285991
2022-08-17,GOOG,0.0,0.04075232645121677
2022-08-18,GOOG,0.0,0.03961343412113673
2022-08-19,GOOG,0.0,0.03677522970861694
2022-08-22,GOOG,0.0,0.041639044857817574
2022-08-23,GOOG,0.0,0.04059069120148446
2022-08-24,GOOG,-1.0,0.0
2022-08-25,GOOG,0.0,0.042644079607415446
2022-08-26,GOOG,0.0,0.039421397357850226
2022-08-29,GOOG,0.0,0.04248269126802812
2022-08-30,GOOG,-0.4,0.0261242548592465
2022-08-31,GOOG,-0.3333333333333333,0.028646027601641182
2022-09-01,GOOG,0.0,0.042768050114557275
2022-09-02,GOOG,0.3333333333333333,0.055141332803128204
2022-09-06,GOOG,0.0,0.040699384905549085
2022-09-07,GOOG,0.0,0.0412940001905622
2022-09-08,GOOG,0.0,0.03938608730316922
2022-09-09,GOOG,1.0,0.07351303185564714
2022-09-12,GOOG,0.0,0.04
2022-09-13,GOOG,-0.25,0.029935835803280925
2022-09-14,GOOG,0.0,0.04538630527652027
2022-09-15,GOOG,0.5,0.05713768824147701
2022-09-16,GOOG,0.0,0.03955818135114308
2022-09-19,GOOG,0.0,0.03911606681204055
2022-09-20,GOOG,0.125,0.048181707202335174
2022-09-21,GOOG,-0.375,0.02528934605535901
2022-09-22,GOOG,-0.3333333333333333,0.04008831849858553
2022-09-23,GOOG,0.0,0.04480255617684854
2022-09-26,GOOG,0.0,0.04407378457390633
2022-09-27,GOOG,0.0,0.040367207614432
2022-09-28,GOOG,-0.5,0.022474460839954597
2022-09-29,GOOG,0.0,0.041824858405427275
2021-09-30,INTC,0.0,0.040268456375838924
2021-10-01,INTC,0.0,0.0404546720336194
2021-10-04,INTC,0.0,0.04175483266638788
2021-10-05,INTC,0.0,0.038292663754477776
2021-10-06,INTC,0.0,0.03912478010225469
2021-10-07,INTC,0.0,0.03892551375640442
2021-10-08,INTC,0.0,0.03574873744538388
2021-10-11,INTC,0.0,0.03815360542443604
2021-10-12,INTC,0.0,0.039850909743464925
2021-10-13,INTC,0.0,0.04025932353962698
2021-10-14,INTC,1.0,0.07667168456170251
2021-10-15,INTC,0.0,0.03883946484775954
2021-10-18,INTC,0.0,0.04260777589494527
2021-10-19,INTC,0.0,0.03751501524625004
2021-10-20,INTC,0.0,0.0384898729083701
2021-10-21,INTC,-0.25,0.03207976891456504
2021-10-22,INTC,0.0,0.039788214178381104
2021-10-25,INTC,0.0,0.03942099830724345
2021-10-26,INTC,1.0,0.07117313563017881
2021-10-27,INTC,0.0,0.03754652011394496
2021-10-28,INTC,0.0,0.04044757560439857
2021-10-29,INTC,0.0,0.039853995204868514
2021-11-01,INTC,0.0,0.037923472602569626
2021-11-02,INTC,0.0,0.04156728758484043
2021-11-03,INTC,0.0,0.03810640480726953
2021-11-04,INTC,0.0,0.04028553544176718
2021-11-05,INTC,0.5,0.05494930860241435
2021-11-08,INTC,0.0,0.03761691671962014
2021-11-09,INTC,0.0,0.039563389598379795
2021-11-10,INTC,0.0,0.0390647226299692
2021-11-11,INTC,0.0,0.03465729019262079
2021-11-12,INTC,0.0,0.03767266638760988
2021-11-15,INTC,0.0,0.037866175530203085
2021-11-16,INTC,0.0,0.03855032381662256
2021-11-17,INTC,0.0,0.03901465538156712
2021-11-18,INTC,0.0,0.0409116750906957
2021-11-19,INTC,0.0,0.03979304274211169
2021-11-22,INTC,0.5,0.05800182986778341
2021-11-23,INTC,0.0,0.03575936368049591
2021-11-24,INTC,0.0,0.038311658572233606
2021-11-26,INTC,0.0,0.04204333697811591
2021-11-29,INTC,0.0,0.03645835706182772
2021-11-30,INTC,1.0,0.06910000894435112
2021-12-01,INTC,0.0,0.03893571805477288
2021-12-02,INTC,0.5,0.06002163910109944
2021-12-03,INTC,0.0,0.043220137734504865
2021-12-06,INTC,0.0,0.03814895360536512
2021-12-07,INTC,0.3333333333333333,0.05254084922654461
2021-12-08,INTC,0.0,0.038702944221720964
2021-12-09,INTC,0.0,0.04449033649147441
2021-12-10,INTC,0.0,0.04027128283161306
2021-12-13,INTC,0.0,0.037092497072877435
2021-12-14,INTC,0.0,0.038249598732872474
2021-12-15,INTC,0.0,0.03483258163581414
2021-12-16,INTC,0.0,0.039366244198216035
2021-12-17,INTC,0.0,0.03707873958194363
2021-12-20,INTC,0.0,0.0437862202189311
2021-12-21,INTC,0.0,0.038327853452325034
2021-12-22,INTC,0.0,0.04093277102455967
2021-12-23,INTC,0.0,0.03788437884378844
2021-12-27,INTC,0.0,0.04007809261469321
2021-12-28,INTC,0.0,0.04019138755980861
2021-12-29,INTC,0.0,0.03666192174538764
2021-12-30,INTC,0.0,0.03845527841640175
2021-12-31,INTC,0.0,0.039660290724095396
2022-01-03,INTC,0.0,0.03706860917346019
2022-01-04,INTC,0.0,0.03830332714714829
2022-01-05,INTC,0.0,0.042344406104898646
2022-01-06,INTC,0.0,0.041535758027584004
2022-01-07,INTC,0.0,0.040656527631380814
2022-01-10,INTC,0.0,0.04289064371243587
2022-01-11,INTC,0.0,0.0350100438777654
2022-01-12,INTC,-0.3333333333333333,0.0262330535882438
2022-01-13,INTC,0.0,0.03742039171474148
2022-01-14,INTC,0.0,0.0383753302060186
2022-01-18,INTC,0.0,0.04284323271665044
2022-01-19,INTC,0.0,0.03943658416628443
2022-01-20,INTC,0.0,0.04381470214173966
2022-01-21,INTC,0.0,0.03993820880901247
2022-01-24,INTC,0.0,0.04097845759963098
2022-01-25,INTC,0.0,0.03914764891676676
2022-01-26,INTC,1.0,0.0761941738149258
2022-01-27,INTC,-0.3333333333333333,0.028381014513145703
2022-01-28,INTC,0.0,0.03891911244459987
2022-01-31,INTC,0.0,0.03763191454945019
2022-02-01,INTC,0.5,0.05454013135740803
2022-02-02,INTC,0.0,0.042847425831482905
2022-02-03,INTC,0.0,0.040664514451770994
2022-02-04,INTC,0.0,0.03903541839915894
2022-02-07,INTC,0.0,0.04064429271174184
2022-02-08,INTC,0.0,0.040478239003849815
2022-02-09,INTC,0.0,0.03938141954174348
2022-02-10,INTC,0.0,0.041180062981272796
2022-02-11,INTC,0.0,0.04435826522256385
2022-02-14,INTC,0.0,0.03849872774953338
2022-02-15,INTC,0.0,0.03903881700554528
2022-02-16,INTC,0.0,0.04134961913757667
2022-02-17,INTC,0.0,0.04111750459387209
2022-02-18,INTC,0.0,0.04019801339876037
2022-02-22,INTC,0.5,0.0604641050723838
2022-02-23,INTC,0.3333333333333333,0.05732586478969636
2022-02-24,INTC,0.0,0.04066835933436894
2022-02-25,INTC,0.0,0.03650233884052573
2022-02-28,INTC,0.0,0.03743378671827441
2022-03-01,INTC,0.0,0.04137107677123437
2022-03-02,INTC,1.0,0.0828808230923121
2022-03-03,INTC,0.0,0.042375375198634574
2022-03-04,INTC,0.0,0.04059776044724075
2022-03-07,INTC,0.0,0.044470571663880666
2022-03-08,INTC,0.0,0.042587215390808786
2022-03-09,INTC,0.0,0.041936700776357236
2022-03-10,INTC,0.0,0.04114634393608941
2022-03-11,INTC,0.0,0.04105453813644597
2022-03-14,INTC,0.0,0.04259240273311343
2022-03-15,INTC,0.3333333333333333,0.04985082518221987
2022-03-16,INTC,1.0,0.07721845092253941
2022-03-17,INTC,0.0,0.03943764834763557
2022-03-18,INTC,0.0,0.038225187042047706
2022-03-21,INTC,0.0,0.03699197438082824
2022-03-22,INTC,0.0,0.0401822140001
2022-03-23,INTC,0.0,0.03922940076330074
2022-03-24,INTC,0.0,0.0393835717185505
2022-03-25,INTC,0.0,0.040969947243063964
2022-03-28,INTC,0.0,0.038330647803325596
2022-03-29,INTC,1.0,0.07176750811231228
2022-03-30,INTC,0.0,0.038937739349428006
2022-03-31,INTC,0.0,0.041880051661098344
2022-04-01,INTC,0.0,0.038143643953734735
2022-04-04,INTC,0.0,0.0382390671931725
2022-04-05,INTC,0.0,0.038390907887549244
2022-04-06,INTC,-1.0,0.0
2022-04-07,INTC,0.0,0.041331304073072665
2022-04-08,INTC,0.0,0.039445933117280924
2022-04-11,INTC,0.5,0.05847685291238884
2022-04-12,INTC,0.0,0.041206282253291995
2022-04-13,INTC,0.0,0.04054697692397959
2022-04-14,INTC,0.0,0.04033641544545243
2022-04-18,INTC,0.0,0.03952532668421296
2022-04-19,INTC,0.0,0.039848275295438676
2022-04-20,INTC,0.0,0.04360877717140296
2022-04-21,INTC,0.0,0.041778633035635136
2022-04-22,INTC,0.0,0.04160269144205021
2022-04-25,INTC,0.0,0.04592951051346838
2022-04-26,INTC,0.0,0.03998035502947359
2022-04-27,INTC,0.0,0.04495656939885176
2022-04-28,INTC,-0.25,0.0302358820563995
2022-04-29,INTC,-0.5,0.020894634223478002
2022-05-02,INTC,0.0,0.04792893583723014
2022-05-03,INTC,0.0,0.03828200498604768
2022-05-04,INTC,1.0,0.0725769611042679
2022-05-05,INTC,0.0,0.04258852902196842
2022-05-06,INTC,0.0,0.03883774004904557
2022-05-09,INTC,0.0,0.0383713184585807
2022-05-10,INTC,1.0,0.08343925977242271
2022-05-11,INTC,0.0,0.0398834418214438
2022-05-12,INTC,0.0,0.045810260017411716
2022-05-13,INTC,0.0,0.04186510463794823
2022-05-16,INTC,0.0,0.03804601872686361
2022-05-17,INTC,0.0,0.03897082100712828
2022-05-18,INTC,0.0,0.043679958718115745
2022-05-19,INTC,-1.0,0.0
2022-05-20,INTC,0.0,0.041321238889123785
2022-05-23,INTC,1.0,0.07634937346840552
2022-05-24,INTC,0.0,0.047003586080773804
2022-05-25,INTC,0.0,0.041061884010048316
2022-05-26,INTC,-0.5,0.019479613108173484
2022-05-27,INTC,1.0,0.07324132841763482
2022-05-31,INTC,0.0,0.04241729042137388
2022-06-01,INTC,0.0,0.03900910828885103
2022-06-02,INTC,0.0,0.039586427510567804
2022-06-03,INTC,0.0,0.03988797205371209
2022-06-06,INTC,1.0,0.0728518419498609
2022-06-07,INTC,0.0,0.043535502610832735
2022-06-08,INTC,-0.5,0.021450201884253027
2022-06-09,INTC,0.0,0.039996669546121584
2022-06-10,INTC,-0.5,0.023320596139306694
2022-06-13,INTC,0.0,0.04454348637172364
2022-06-14,INTC,0.0,0.04193920803522313
2022-06-15,INTC,0.0,0.04185521899248509
2022-06-16,INTC,-0.5,0.02093875135299418
2022-06-17,INTC,0.0,0.041723308585172016
2022-06-21,INTC,0.0,0.039089105392519766
2022-06-22,INTC,0.0,0.035625771161087935
2022-06-23,INTC,0.0,0.04094488188976378
2022-06-24,INTC,0.0,0.0383187552753647
2022-06-27,INTC,0.0,0.04108182129407737
2022-06-28,INTC,0.0,0.03843686493712738
2022-06-29,INTC,0.0,0.04285436010648659
2022-06-30,INTC,0.0,0.04293990343883852
2022-07-01,INTC,0.0,0.044140126518109946
2022-07-05,INTC,0.0,0.041871270187933844
2022-07-06,INTC,0.0,0.03814681633672159
2022-07-07,INTC,0.0,0.03517369037089608
2022-07-08,INTC,0.0,0.03727669569928719
2022-07-11,INTC,-1.0,0.0
2022-07-12,INTC,0.0,0.04295496701672175
2022-07-13,INTC,0.0,0.04005372431930703
2022-07-14,INTC,0.0,0.04152549874860173
2022-07-15,INTC,-0.5,0.020722202359671076
2022-07-18,INTC,0.0,0.04074132420633294
2022-07-19,INTC,0.0,0.04435241153688125
2022-07-20,INTC,0.16666666666666666,0.047249097583980874
2022-07-21,INTC,0.0,0.03738134397515424
2022-07-22,INTC,0.0,0.04341505521346075
2022-07-25,INTC,-1.0,0.0
2022-07-26,INTC,0.0,0.04429248581863393
2022-07-27,INTC,0.5,0.057029974128926686
2022-07-28,INTC,-0.35714285714285715,0.02432179476800669
2022-07-29,INTC,0.375,0.05953112102787357
2022-08-01,INTC,0.0,0.03922916851949932
2022-08-02,INTC,0.0,0.03752442384463849
2022-08-03,INTC,-0.25,0.029615696154594653
2022-08-04,INTC,1.0,0.07822344816818301
2022-08-05,INTC,0.0,0.0426319887822767
2022-08-08,INTC,0.0,0.03600654664484452
2022-08-09,INTC,-0.25,0.02931009480292151
2022-08-10,INTC,0.0,0.04010366163128545
2022-08-11,INTC,0.0,0.03763172077946153
2022-08-12,INTC,0.3333333333333333,0.04897842352024468
2022-08-15,INTC,0.0,0.03827617027988573
2022-08-16,INTC,0.0,0.04009006617714655
2022-08-17,INTC,1.0,0.08150465290243354
2022-08-18,INTC,0.0,0.03961343412113673
2022-08-19,INTC,0.0,0.03677522970861694
2022-08-22,INTC,0.5,0.06245856728672635
2022-08-23,INTC,1.0,0.08118138240296892
2022-08-24,INTC,0.0,0.04199965968655195
2022-08-25,INTC,0.0,0.042644079607415446
2022-08-26,INTC,0.5,0.059132096036775335
2022-08-29,INTC,0.0,0.04248269126802812
2022-08-30,INTC,0.0,0.04354042476541083
2022-08-31,INTC,0.0,0.042969041402461765
2022-09-01,INTC,1.0,0.08553610022911455
2022-09-02,INTC,0.0,0.041355999602346157
2022-09-06,INTC,0.0,0.040699384905549085
2022-09-07,INTC,-1.0,0.0
2022-09-08,INTC,-0.5,0.01969304365158461
2022-09-09,INTC,0.3333333333333333,0.04900868790376475
2022-09-12,INTC,0.0,0.04
2022-09-13,INTC,-0.25,0.029935835803280925
2022-09-14,INTC,0.0,0.04538630527652027
2022-09-15,INTC,0.0,0.038091792160984676
2022-09-16,INTC,0.0,0.03955818135114308
2022-09-19,INTC,0.0,0.03911606681204055
2022-09-20,INTC,0.0,0.04282818417985349
2022-09-21,INTC,0.0,0.040462953688574416
2022-09-22,INTC,-0.3333333333333333,0.04008831849858553
2022-09-23,INTC,0.0,0.04480255617684854
2022-09-26,INTC,-0.5,0.022036892286953165
2022-09-27,INTC,0.0,0.040367207614432
2022-09-28,INTC,0.0,0.044948921679909194
2022-09-29,INTC,1.0,0.08364971681085455
2021-09-30,KO,0.0,0.040268456375838924
2021-10-01,KO,0.0,0.0404546720336194
2021-10-04,KO,0.0,0.04175483266638788
2021-10-05,KO,0.0,0.038292663754477776
2021-10-06,KO,0.0,0.03912478010225469
2021-10-07,KO,0.0,0.03892551375640442
2021-10-08,KO,0.0,0.03574873744538388
2021-10-11,KO,0.0,0.03815360542443604
2021-10-12,KO,0.0,0.039850909743464925
2021-10-13,KO,0.0,0.04025932353962698
2021-10-14,KO,0.0,0.038335842280851254
2021-10-15,KO,0.0,0.03883946484775954
2021-10-18,KO,0.0,0.04260777589494527
2021-10-19,KO,0.0,0.03751501524625004
2021-10-20,KO,0.0,0.0384898729083701
2021-10-21,KO,0.0,0.042773025219420065
2021-10-22,KO,0.0,0.039788214178381104
2021-10-25,KO,0.0,0.03942099830724345
2021-10-26,KO,0.0,0.035586567815089405
2021-10-27,KO,0.0,0.03754652011394496
2021-10-28,KO,0.0,0.04044757560439857
2021-10-29,KO,0.0,0.039853995204868514
2021-11-01,KO,0.0,0.037923472602569626
2021-11-02,KO,0.0,0.04156728758484043
2021-11-03,KO,0.0,0.03810640480726953
2021-11-04,KO,0.0,0.04028553544176718
2021-11-05,KO,0.0,0.03663287240160957
2021-11-08,KO,0.0,0.03761691671962014
2021-11-09,KO,0.0,0.039563389598379795
2021-11-10,KO,0.0,0.0390647226299692
2021-11-11,KO,0.0,0.03465729019262079
2021-11-12,KO,0.0,0.03767266638760988
2021-11-15,KO,0.0,0.037866175530203085
2021-11-16,KO,0.0,0.03855032381662256
2021-11-17,KO,0.0,0.03901465538156712
2021-11-18,KO,0.0,0.0409116750906957
2021-11-19,KO,0.0,0.03979304274211169
2021-11-22,KO,0.0,0.03866788657852228
2021-11-23,KO,0.0,0.03575936368049591
2021-11-24,KO,0.0,0.038311658572233606
2021-11-26,KO,0.0,0.04204333697811591
2021-11-29,KO,0.0,0.03645835706182772
2021-11-30,KO,0.0,0.03455000447217556
2021-12-01,KO,0.0,0.03893571805477288
2021-12-02,KO,0.0,0.04001442606739963
2021-12-03,KO,0.0,0.043220137734504865
2021-12-06,KO,0.0,0.03814895360536512
2021-12-07,KO,0.0,0.03940563691990846
2021-12-08,KO,0.0,0.038702944221720964
2021-12-09,KO,0.0,0.04449033649147441
2021-12-10,KO,0.0,0.04027128283161306
2021-12-13,KO,1.0,0.07418499414575487
2021-12-14,KO,0.0,0.038249598732872474
2021-12-15,KO,0.0,0.03483258163581414
2021-12-16,KO,0.0,0.039366244198216035
2021-12-17,KO,0.3333333333333333,0.049438319442591507
2021-12-20,KO,0.0,0.0437862202189311
2021-12-21,KO,0.0,0.038327853452325034
2021-12-22,KO,0.0,0.04093277102455967
2021-12-23,KO,0.0,0.03788437884378844
2021-12-27,KO,0.0,0.04007809261469321
2021-12-28,KO,0.0,0.04019138755980861
2021-12-29,KO,0.0,0.03666192174538764
2021-12-30,KO,0.0,0.03845527841640175
2021-12-31,KO,0.0,0.039660290724095396
2022-01-03,KO,0.0,0.03706860917346019
2022-01-04,KO,0.0,0.03830332714714829
2022-01-05,KO,0.0,0.042344406104898646
2022-01-06,KO,0.0,0.041535758027584004
2022-01-07,KO,0.0,0.040656527631380814
2022-01-10,KO,0.0,0.04289064371243587
2022-01-11,KO,1.0,0.0700200877555308
2022-01-12,KO,0.0,0.0393495803823657
2022-01-13,KO,0.0,0.03742039171474148
2022-01-14,KO,0.2,0.04605039624722231
2022-01-18,KO,0.0,0.04284323271665044
2022-01-19,KO,0.0,0.03943658416628443
2022-01-20,KO,0.0,0.04381470214173966
2022-01-21,KO,0.0,0.03993820880901247
2022-01-24,KO,0.0,0.04097845759963098
2022-01-25,KO,0.0,0.03914764891676676
2022-01-26,KO,0.0,0.0380970869074629
2022-01-27,KO,0.0,0.04257152176971855
2022-01-28,KO,0.0,0.03891911244459987
2022-01-31,KO,0.0,0.03763191454945019
2022-02-01,KO,0.0,0.03636008757160536
2022-02-02,KO,0.0,0.042847425831482905
2022-02-03,KO,0.0,0.040664514451770994
2022-02-04,KO,0.0,0.03903541839915894
2022-02-07,KO,0.0,0.04064429271174184
2022-02-08,KO,0.0,0.040478239003849815
2022-02-09,KO,0.0,0.03938141954174348
2022-02-10,KO,0.0,0.041180062981272796
2022-02-11,KO,0.0,0.04435826522256385
2022-02-14,KO,0.0,0.03849872774953338
2022-02-15,KO,0.0,0.03903881700554528
2022-02-16,KO,0.0,0.04134961913757667
2022-02-17,KO,-1.0,0.0
2022-02-18,KO,0.0,0.04019801339876037
2022-02-22,KO,0.0,0.040309403381589205
2022-02-23,KO,0.0,0.042994398592272276
2022-02-24,KO,0.0,0.04066835933436894
2022-02-25,KO,0.0,0.03650233884052573
2022-02-28,KO,0.0,0.03743378671827441
2022-03-01,KO,0.0,0.04137107677123437
2022-03-02,KO,0.0,0.04144041154615605
2022-03-03,KO,0.0,0.042375375198634574
2022-03-04,KO,0.0,0.04059776044724075
2022-03-07,KO,0.0,0.044470571663880666
2022-03-08,KO,-0.75,0.010646803847702196
2022-03-09,KO,0.0,0.041936700776357236
2022-03-10,KO,0.0,0.04114634393608941
2022-03-11,KO,0.0,0.04105453813644597
2022-03-14,KO,0.0,0.04259240273311343
2022-03-15,KO,0.0,0.037388118886664906
2022-03-16,KO,0.0,0.03860922546126971
2022-03-17,KO,0.0,0.03943764834763557
2022-03-18,KO,0.0,0.038225187042047706
2022-03-21,KO,0.0,0.03699197438082824
2022-03-22,KO,0.0,0.0401822140001
2022-03-23,KO,0.0,0.03922940076330074
2022-03-24,KO,0.0,0.0393835717185505
2022-03-25,KO,0.0,0.040969947243063964
2022-03-28,KO,0.0,0.038330647803325596
2022-03-29,KO,0.0,0.03588375405615614
2022-03-30,KO,0.0,0.038937739349428006
2022-03-31,KO,0.0,0.041880051661098344
2022-04-01,KO,0.0,0.038143643953734735
2022-04-04,KO,0.0,0.0382390671931725
2022-04-05,KO,0.0,0.038390907887549244
2022-04-06,KO,0.0,0.04273898088949882
2022-04-07,KO,0.0,0.041331304073072665
2022-04-08,KO,0.0,0.039445933117280924
2022-04-11,KO,0.0,0.03898456860825923
2022-04-12,KO,0.0,0.041206282253291995
2022-04-13,KO,0.0,0.04054697692397959
2022-04-14,KO,0.0,0.04033641544545243
2022-04-18,KO,0.0,0.03952532668421296
2022-04-19,KO,0.0,0.039848275295438676
2022-04-20,KO,0.0,0.04360877717140296
2022-04-21,KO,-0.3333333333333333,0.027852422023756762
2022-04-22,KO,0.0,0.04160269144205021
2022-04-25,KO,-0.2,0.0367436084107747
2022-04-26,KO,0.5,0.059970532544210385
2022-04-27,KO,0.0,0.04495656939885176
2022-04-28,KO,0.0,0.040314509408532664
2022-04-29,KO,0.0,0.041789268446956004
2022-05-02,KO,0.0,0.04792893583723014
2022-05-03,KO,0.0,0.03828200498604768
2022-05-04,KO,0.0,0.03628848055213395
2022-05-05,KO,0.3333333333333333,0.05678470536262456
2022-05-06,KO,0.0,0.03883774004904557
2022-05-09,KO,0.0,0.0383713184585807
2022-05-10,KO,0.0,0.041719629886211355
2022-05-11,KO,0.0,0.0398834418214438
2022-05-12,KO,0.0,0.045810260017411716
2022-05-13,KO,0.0,0.04186510463794823
2022-05-16,KO,0.0,0.03804601872686361
2022-05-17,KO,0.0,0.03897082100712828
2022-05-18,KO,0.0,0.043679958718115745
2022-05-19,KO,0.0,0.04451720774696949
2022-05-20,KO,-0.5,0.020660619444561892
2022-05-23,KO,0.0,0.03817468673420276
2022-05-24,KO,0.0,0.047003586080773804
2022-05-25,KO,0.0,0.041061884010048316
2022-05-26,KO,0.0,0.03895922621634697
2022-05-27,KO,0.0,0.03662066420881741
2022-05-31,KO,0.0,0.04241729042137388
2022-06-01,KO,0.0,0.03900910828885103
2022-06-02,KO,0.0,0.039586427510567804
2022-06-03,KO,0.0,0.03988797205371209
2022-06-06,KO,0.0,0.03642592097493045
2022-06-07,KO,0.0,0.043535502610832735
2022-06-08,KO,0.0,0.042900403768506054
2022-06-09,KO,0.0,0.039996669546121584
2022-06-10,KO,0.0,0.04664119227861339
2022-06-13,KO,-0.25,0.03340761477879273
2022-06-14,KO,0.0,0.04193920803522313
2022-06-15,KO,0.0,0.04185521899248509
2022-06-16,KO,0.0,0.04187750270598836
2022-06-17,KO,0.0,0.041723308585172016
2022-06-21,KO,0.0,0.039089105392519766
2022-06-22,KO,0.0,0.035625771161087935
2022-06-23,KO,0.0,0.04094488188976378
2022-06-24,KO,0.0,0.0383187552753647
2022-06-27,KO,0.0,0.04108182129407737
2022-06-28,KO,0.0,0.03843686493712738
2022-06-29,KO,0.0,0.04285436010648659
2022-06-30,KO,0.0,0.04293990343883852
2022-07-01,KO,0.0,0.044140126518109946
2022-07-05,KO,0.0,0.041871270187933844
2022-07-06,KO,0.0,0.03814681633672159
2022-07-07,KO,1.0,0.07034738074179216
2022-07-08,KO,1.0,0.07455339139857438
2022-07-11,KO,0.0,0.03998920926099307
2022-07-12,KO,0.25,0.053693708770902196
2022-07-13,KO,0.0,0.04005372431930703
2022-07-14,KO,0.0,0.04152549874860173
2022-07-15,KO,0.0,0.04144440471934215
2022-07-18,KO,0.0,0.04074132420633294
2022-07-19,KO,0.0,0.04435241153688125
2022-07-20,KO,0.0,0.040499226500555034
2022-07-21,KO,1.0,0.07476268795030848
2022-07-22,KO,0.0,0.04341505521346075
2022-07-25,KO,-0.25,0.031327357779220334
2022-07-26,KO,0.25,0.055365607273292414
2022-07-27,KO,-0.3333333333333333,0.025346655168411864
2022-07-28,KO,0.0,0.037833902972454855
2022-07-29,KO,0.0,0.04329536074754442
2022-08-01,KO,0.0,0.03922916851949932
2022-08-02,KO,0.0,0.03752442384463849
2022-08-03,KO,0.0,0.039487594872792874
2022-08-04,KO,0.0,0.039111724084091505
2022-08-05,KO,0.0,0.0426319887822767
2022-08-08,KO,1.0,0.07201309328968904
2022-08-09,KO,0.0,0.03908012640389535
2022-08-10,KO,0.0,0.04010366163128545
2022-08-11,KO,0.0,0.03763172077946153
2022-08-12,KO,0.0,0.03673381764018351
2022-08-15,KO,1.0,0.07655234055977146
2022-08-16,KO,0.0,0.04009006617714655
2022-08-17,KO,0.0,0.04075232645121677
2022-08-18,KO,0.0,0.03961343412113673
2022-08-19,KO,0.0,0.03677522970861694
2022-08-22,KO,0.0,0.041639044857817574
2022-08-23,KO,0.0,0.04059069120148446
2022-08-24,KO,0.0,0.04199965968655195
2022-08-25,KO,0.0,0.042644079607415446
2022-08-26,KO,0.0,0.039421397357850226
2022-08-29,KO,0.0,0.04248269126802812
2022-08-30,KO,0.0,0.04354042476541083
2022-08-31,KO,0.0,0.042969041402461765
2022-09-01,KO,0.0,0.042768050114557275
2022-09-02,KO,0.0,0.041355999602346157
2022-09-06,KO,0.0,0.040699384905549085
2022-09-07,KO,0.0,0.0412940001905622
2022-09-08,KO,0.0,0.03938608730316922
2022-09-09,KO,0.0,0.03675651592782357
2022-09-12,KO,0.5,0.06
2022-09-13,KO,0.0,0.0399144477377079
2022-09-14,KO,0.0,0.04538630527652027
2022-09-15,KO,0.0,0.038091792160984676
2022-09-16,KO,0.0,0.03955818135114308
2022-09-19,KO,0.5,0.058674100218060826
2022-09-20,KO,0.0,0.04282818417985349
2022-09-21,KO,0.0,0.040462953688574416
2022-09-22,KO,0.0,0.060132477747878284
2022-09-23,KO,0.0,0.04480255617684854
2022-09-26,KO,0.0,0.04407378457390633
2022-09-27,KO,0.0,0.040367207614432
2022-09-28,KO,0.0,0.044948921679909194
2022-09-29,KO,1.0,0.08364971681085455
2021-09-30,META,0.3333333333333333,0.05369127516778523
2021-10-01,META,0.09090909090909091,0.044132369491221166
2021-10-04,META,-0.359375,0.026749189676904737
2021-10-05,META,-0.25806451612903225,0.028410686011386736
2021-10-06,META,0.0,0.03912478010225469
2021-10-07,META,-0.08333333333333333,0.035681720943370715
2021-10-08,META,0.5,0.05362310616807581
2021-10-11,META,-0.25,0.028615204068327033
2021-10-12,META,-0.3333333333333333,0.026567273162309953
2021-10-13,META,0.2,0.04831118824755238
2021-10-14,META,0.125,0.04312782256595765
2021-10-15,META,0.0,0.03883946484775954
2021-10-18,META,0.4,0.05965088625292337
2021-10-19,META,0.0,0.03751501524625004
2021-10-20,META,-0.10526315789473684,0.03443830733906799
2021-10-21,META,-0.36363636363636365,0.027219197866903678
2021-10-22,META,0.05263157894736842,0.041882330714085376
2021-10-25,META,0.10638297872340426,0.043614721531418287
2021-10-26,META,0.16666666666666666,0.04151766245093764
2021-10-27,META,0.0,0.03754652011394496
2021-10-28,META,-0.0196078431372549,0.039654485886665265
2021-10-29,META,0.04,0.04144815501306325
2021-11-01,META,0.125,0.04266390667789083
2021-11-02,META,0.0,0.04156728758484043
2021-11-03,META,0.0,0.03810640480726953
2021-11-04,META,0.0,0.04028553544176718
2021-11-05,META,0.0,0.03663287240160957
2021-11-08,META,0.25,0.047021145899525184
2021-11-09,META,0.2,0.047476067518055755
2021-11-10,META,0.0,0.0390647226299692
2021-11-11,META,0.0,0.03465729019262079
2021-11-12,META,0.25,0.04709083298451235
2021-11-15,META,0.0,0.037866175530203085
2021-11-16,META,0.0,0.03855032381662256
2021-11-17,META,0.0,0.03901465538156712
2021-11-18,META,0.0,0.0409116750906957
2021-11-19,META,0.0,0.03979304274211169
2021-11-22,META,0.0,0.03866788657852228
2021-11-23,META,0.0,0.03575936368049591
2021-11-24,META,0.0,0.038311658572233606
2021-11-26,META,0.0,0.04204333697811591
2021-11-29,META,0.0,0.03645835706182772
2021-11-30,META,0.0,0.03455000447217556
2021-12-01,META,0.25,0.048669647568466104
2021-12-02,META,0.3333333333333333,0.053352568089866166
2021-12-03,META,0.0,0.043220137734504865
2021-12-06,META,0.0,0.03814895360536512
2021-12-07,META,0.0,0.03940563691990846
2021-12-08,META,0.14285714285714285,0.04423193625339539
2021-12-09,META,-0.1111111111111111,0.03954696577019948
2021-12-10,META,0.0,0.04027128283161306
2021-12-13,META,0.0,0.037092497072877435
2021-12-14,META,0.3333333333333333,0.05099946497716329
2021-12-15,META,0.125,0.03918665434029091
2021-12-16,META,0.16666666666666666,0.04592728489791871
2021-12-17,META,0.0,0.03707873958194363
2021-12-20,META,0.0,0.0437862202189311
2021-12-21,META,0.3333333333333333,0.05110380460310004
2021-12-22,META,0.0,0.04093277102455967
2021-12-23,META,0.0,0.03788437884378844
2021-12-27,META,0.09090909090909091,0.04372155557966531
2021-12-28,META,-0.1,0.03617224880382775
2021-12-29,META,-0.3333333333333333,0.024441281163591764
2021-12-30,META,0.0,0.03845527841640175
2021-12-31,META,0.07142857142857142,0.04249316863295935
2022-01-03,META,0.1,0.04077547009080621
2022-01-04,META,-0.16666666666666666,0.031919439289290245
2022-01-05,META,0.0,0.042344406104898646
2022-01-06,META,0.25,0.05191969753448001
2022-01-07,META,0.0,0.040656527631380814
2022-01-10,META,0.0,0.04289064371243587
2022-01-11,META,0.0,0.0350100438777654
2022-01-12,META,0.0,0.0393495803823657
2022-01-13,META,0.5,0.056130587572112214
2022-01-14,META,-0.16666666666666666,0.031979441838348825
2022-01-18,META,-0.1111111111111111,0.038082873525911505
2022-01-19,META,0.0,0.03943658416628443
2022-01-20,META,-0.3333333333333333,0.029209801427826445
2022-01-21,META,0.2,0.047925850570814964
2022-01-24,META,0.0,0.04097845759963098
2022-01-25,META,0.18181818181818182,0.04626540326526981
2022-01-26,META,0.0,0.0380970869074629
2022-01-27,META,0.0,0.04257152176971855
2022-01-28,META,0.0,0.03891911244459987
2022-01-31,META,0.0,0.03763191454945019
2022-02-01,META,0.09090909090909091,0.03966555007811493
2022-02-02,META,-0.3357142857142857,0.02846293287377079
2022-02-03,META,-0.271356783919598,0.029629922590486402
2022-02-04,META,-0.25925925925925924,0.02891512474011773
2022-02-07,META,-0.06666666666666667,0.037934673197625716
2022-02-08,META,-0.18,0.03319215598315685
2022-02-09,META,-0.030303030303030304,0.038188043191993676
2022-02-10,META,0.2222222222222222,0.0503311880882223
2022-02-11,META,-0.3333333333333333,0.02957217681504257
2022-02-14,META,-0.2857142857142857,0.0274990912496667
2022-02-15,META,-0.0625,0.036598890942698706
2022-02-16,META,-0.11764705882352941,0.03648495806256765
2022-02-17,META,-0.3333333333333333,0.027411669729248064
2022-02-18,META,-0.2,0.032158410719008296
2022-02-22,META,-0.23076923076923078,0.03100723337045323
2022-02-23,META,-0.05263157894736842,0.040731535508468475
2022-02-24,META,0.0,0.04066835933436894
2022-02-25,META,-0.29411764705882354,0.025766356828606396
2022-02-28,META,-0.125,0.032754563378490115
2022-03-01,META,-0.5,0.020685538385617184
2022-03-02,META,0.0,0.04144041154615605
2022-03-03,META,-0.3333333333333333,0.028250250132423053
2022-03-04,META,-0.4,0.024358656268344447
2022-03-07,META,-0.058823529411764705,0.041854655683652396
2022-03-08,META,-0.125,0.037263813466957695
2022-03-09,META,-0.08333333333333333,0.038441975711660796
2022-03-10,META,0.0,0.04114634393608941
2022-03-11,META,0.0,0.04105453813644597
2022-03-14,META,-0.5714285714285714,0.018253886885620043
2022-03-15,META,0.0,0.037388118886664906
2022-03-16,META,-0.1111111111111111,0.03431931152112863
2022-03-17,META,0.2222222222222222,0.048201570202665696
2022-03-18,META,-0.3,0.026757630929433392
2022-03-21,META,-0.1,0.03329277694274542
2022-03-22,META,0.0,0.0401822140001
2022-03-23,META,0.25,0.04903675095412593
2022-03-24,META,-0.1111111111111111,0.035007619305378226
2022-03-25,META,0.0,0.040969947243063964
2022-03-28,META,-0.5,0.019165323901662798
2022-03-29,META,0.0,0.03588375405615614
2022-03-30,META,0.2857142857142857,0.05006280773497886
2022-03-31,META,-0.2857142857142857,0.02991432261507025
2022-04-01,META,0.0,0.038143643953734735
2022-04-04,META,0.06666666666666667,0.040788338339384
2022-04-05,META,-0.07142857142857142,0.03564870018129573
2022-04-06,META,0.0,0.04273898088949882
2022-04-07,META,0.0,0.041331304073072665
2022-04-08,META,0.0,0.039445933117280924
2022-04-11,META,0.0,0.03898456860825923
2022-04-12,META,0.25,0.051507852816615
2022-04-13,META,-0.3333333333333333,0.027031317949319737
2022-04-14,META,0.0,0.04033641544545243
2022-04-18,META,0.25,0.0494066583552662
2022-04-19,META,0.2,0.04781793035452641
2022-04-20,META,-0.14285714285714285,0.03737895186120254
2022-04-21,META,-0.10526315789473684,0.03738088218977881
2022-04-22,META,0.05555555555555555,0.04391395207771967
2022-04-25,META,-0.045454545454545456,0.04384180549012891
2022-04-26,META,-0.17647058823529413,0.03292499825956649
2022-04-27,META,-0.08064516129032258,0.04133103960862178
2022-04-28,META,0.21875,0.04913330834164919
2022-04-29,META,-0.14285714285714285,0.03581937295453372
2022-05-02,META,-0.1111111111111111,0.04260349852198234
2022-05-03,META,0.0,0.03828200498604768
2022-05-04,META,0.0,0.03628848055213395
2022-05-05,META,-0.25,0.03194139676647632
2022-05-06,META,0.3333333333333333,0.05178365339872742
2022-05-09,META,-0.2857142857142857,0.027408084613271932
2022-05-10,META,0.2857142857142857,0.0536395241394146
2022-05-11,META,-0.3,0.02791840927501066
2022-05-12,META,-0.25,0.034357695013058784
2022-05-13,META,-0.25,0.03139882847846117
2022-05-16,META,0.25,0.047557523408579515
2022-05-17,META,0.2,0.04676498520855393
2022-05-18,META,-0.2,0.0349439669744926
2022-05-19,META,-0.4444444444444444,0.024731782081649716
2022-05-20,META,0.0,0.041321238889123785
2022-05-23,META,-0.4666666666666667,0.020359832924908138
2022-05-24,META,-0.23809523809523808,0.035812256061541946
2022-05-25,META,0.0,0.041061884010048316
2022-05-26,META,-0.4,0.02337553572980818
2022-05-27,META,0.0,0.03662066420881741
2022-05-31,META,-0.2857142857142857,0.03029806458669563
2022-06-01,META,-0.25,0.02925683121663827
2022-06-02,META,0.0,0.039586427510567804
2022-06-03,META,-0.5,0.019943986026856046
2022-06-06,META,0.3333333333333333,0.04856789463324059
2022-06-07,META,-0.2,0.034828402088666194
2022-06-08,META,0.0,0.042900403768506054
2022-06-09,META,-0.16666666666666666,0.033330557955101314
2022-06-10,META,-0.3333333333333333,0.031094128185742264
2022-06-13,META,0.0,0.04454348637172364
2022-06-14,META,0.0,0.04193920803522313
2022-06-15,META,0.0,0.04185521899248509
2022-06-16,META,0.0,0.04187750270598836
2022-06-17,META,0.0,0.041723308585172016
2022-06-21,META,0.0,0.039089105392519766
2022-06-22,META,0.0,0.035625771161087935
2022-06-23,META,0.5,0.06141732283464567
2022-06-24,META,0.0,0.0383187552753647
2022-06-27,META,0.0,0.04108182129407737
2022-06-28,META,0.0,0.03843686493712738
2022-06-29,META,0.0,0.04285436010648659
2022-06-30,META,0.0,0.04293990343883852
2022-07-01,META,-1.0,0.0
2022-07-05,META,0.0,0.041871270187933844
2022-07-06,META,0.0,0.03814681633672159
2022-07-07,META,-0.5,0.01758684518544804
2022-07-08,META,0.0,0.03727669569928719
2022-07-11,META,0.0,0.03998920926099307
2022-07-12,META,0.0,0.04295496701672175
2022-07-13,META,0.0,0.04005372431930703
2022-07-14,META,0.0,0.04152549874860173
2022-07-15,META,0.0,0.04144440471934215
2022-07-18,META,0.0,0.04074132420633294
2022-07-19,META,0.0,0.04435241153688125
2022-07-20,META,-1.0,0.0
2022-07-21,META,-1.0,0.0
2022-07-22,META,0.0,0.04341505521346075
2022-07-25,META,0.0,0.041769810372293784
2022-07-26,META,0.0,0.04429248581863393
2022-07-27,META,1.0,0.07603996550523558
2022-07-28,META,0.0,0.037833902972454855
2022-07-29,META,0.0,0.04329536074754442
2022-08-01,META,-1.0,0.0
2022-08-02,META,0.0,0.03752442384463849
2022-08-03,META,0.0,0.039487594872792874
2022-08-04,META,0.0,0.039111724084091505
2022-08-05,META,0.0,0.0426319887822767
2022-08-08,META,0.0,0.03600654664484452
2022-08-09,META,0.0,0.03908012640389535
2022-08-10,META,0.0,0.04010366163128545
2022-08-11,META,0.0,0.03763172077946153
2022-08-12,META,0.0,0.03673381764018351
2022-08-15,META,0.0,0.03827617027988573
2022-08-16,META,0.0,0.04009006617714655
2022-08-17,META,0.0,0.04075232645121677
2022-08-18,META,0.0,0.03961343412113673
2022-08-19,META,0.0,0.03677522970861694
2022-08-22,META,0.0,0.041639044857817574
2022-08-23,META,0.0,0.04059069120148446
2022-08-24,META,1.0,0.0839993193731039
2022-08-25,META,0.0,0.042644079607415446
2022-08-26,META,0.0,0.039421397357850226
2022-08-29,META,0.0,0.04248269126802812
2022-08-30,META,0.0,0.04354042476541083
2022-08-31,META,0.0,0.042969041402461765
2022-09-01,META,0.0,0.042768050114557275
2022-09-02,META,0.0,0.041355999602346157
2022-09-06,META,0.0,0.040699384905549085
2022-09-07,META,0.0,0.0412940001905622
2022-09-08,META,0.0,0.03938608730316922
2022-09-09,META,0.0,0.03675651592782357
2022-09-12,META,0.0,0.04
2022-09-13,META,0.0,0.0399144477377079
2022-09-14,META,-0.25,0.0340397289573902
2022-09-15,META,0.0,0.038091792160984676
2022-09-16,META,-1.0,0.0
2022-09-19,META,-1.0,0.0
2022-09-20,META,0.0,0.04282818417985349
2022-09-21,META,-1.0,0.0
2022-09-22,META,-0.6666666666666666,0.020044159249292766
2022-09-23,META,0.0,0.04480255617684854
2022-09-26,META,0.0,0.04407378457390633
2022-09-27,META,0.0,0.040367207614432
2022-09-28,META,0.0,0.044948921679909194
2022-09-29,META,-1.0,0.0
2021-09-30,MSFT,-0.2,0.03221476510067114
2021-10-01,MSFT,0.0,0.0404546720336194
2021-10-04,MSFT,-0.16666666666666666,0.03479569388865657
2021-10-05,MSFT,0.0,0.038292663754477776
2021-10-06,MSFT,-0.14285714285714285,0.03353552580193259
2021-10-07,MSFT,0.0,0.03892551375640442
2021-10-08,MSFT,0.25,0.044685921806729846
2021-10-11,MSFT,0.0,0.03815360542443604
2021-10-12,MSFT,-0.14285714285714285,0.03415792263725565
2021-10-13,MSFT,-0.25,0.030194492654720233
2021-10-14,MSFT,-0.1111111111111111,0.034076304249645556
2021-10-15,MSFT,0.0,0.03883946484775954
2021-10-18,MSFT,0.0,0.04260777589494527
2021-10-19,MSFT,0.25,0.04689376905781255
2021-10-20,MSFT,0.0,0.0384898729083701
2021-10-21,MSFT,-0.5,0.021386512609710032
2021-10-22,MSFT,-0.16666666666666666,0.03315684514865092
2021-10-25,MSFT,0.07142857142857142,0.04223678390061798
2021-10-26,MSFT,0.125,0.04003488879197557
2021-10-27,MSFT,0.0,0.03754652011394496
2021-10-28,MSFT,-0.25,0.03033568170329893
2021-10-29,MSFT,-0.25,0.029890496403651382
2021-11-01,MSFT,0.09090909090909091,0.04137106102098504
2021-11-02,MSFT,0.14285714285714285,0.04750547152553192
2021-11-03,MSFT,0.0,0.03810640480726953
2021-11-04,MSFT,0.0,0.04028553544176718
2021-11-05,MSFT,0.0,0.03663287240160957
2021-11-08,MSFT,0.14285714285714285,0.042990761965280164
2021-11-09,MSFT,0.0,0.039563389598379795
2021-11-10,MSFT,0.0,0.0390647226299692
2021-11-11,MSFT,0.5,0.051985935288931175
2021-11-12,MSFT,0.1,0.041439933026370876
2021-11-15,MSFT,0.0,0.037866175530203085
2021-11-16,MSFT,0.07142857142857142,0.04130391837495274
2021-11-17,MSFT,0.0,0.03901465538156712
2021-11-18,MSFT,-0.1111111111111111,0.03636593341395174
2021-11-19,MSFT,-0.05263157894736842,0.03769867207147423
2021-11-22,MSFT,0.0,0.03866788657852228
2021-11-23,MSFT,0.14285714285714285,0.04086784420628104
2021-11-24,MSFT,0.25,0.047889573215292004
2021-11-26,MSFT,-0.16666666666666666,0.03503611414842992
2021-11-29,MSFT,0.2,0.04375002847419327
2021-11-30,MSFT,0.4,0.04837000626104578
2021-12-01,MSFT,0.0,0.03893571805477288
2021-12-02,MSFT,-0.25,0.03001081955054972
2021-12-03,MSFT,0.0,0.043220137734504865
2021-12-06,MSFT,0.0,0.03814895360536512
2021-12-07,MSFT,0.09090909090909091,0.04298796754899104
2021-12-08,MSFT,0.25,0.048378680277151205
2021-12-09,MSFT,-0.14285714285714285,0.03813457413554949
2021-12-10,MSFT,-0.14285714285714285,0.03451824242709691
2021-12-13,MSFT,0.375,0.05100218347520648
2021-12-14,MSFT,0.5,0.0573743980993087
2021-12-15,MSFT,0.3333333333333333,0.046443442181085516
2021-12-16,MSFT,0.15384615384615385,0.04542258945948004
2021-12-17,MSFT,0.0,0.03707873958194363
2021-12-20,MSFT,-0.2222222222222222,0.03405594905916864
2021-12-21,MSFT,0.125,0.04311883513386566
2021-12-22,MSFT,-0.2857142857142857,0.02923769358897119
2021-12-23,MSFT,0.0,0.03788437884378844
2021-12-27,MSFT,-0.09090909090909091,0.03643462964972109
2021-12-28,MSFT,-0.08333333333333333,0.03684210526315789
2021-12-29,MSFT,0.0,0.03666192174538764
2021-12-30,MSFT,0.0,0.03845527841640175
2021-12-31,MSFT,0.0,0.039660290724095396
2022-01-03,MSFT,0.125,0.041702185320142714
2022-01-04,MSFT,0.36363636363636365,0.05223180974611131
2022-01-05,MSFT,0.07692307692307693,0.045601668112967765
2022-01-06,MSFT,-0.4,0.024921454816550403
2022-01-07,MSFT,0.0,0.040656527631380814
2022-01-10,MSFT,0.09090909090909091,0.04678979314083913
2022-01-11,MSFT,0.16666666666666666,0.0408450511907263
2022-01-12,MSFT,0.07692307692307693,0.042376471181009207
2022-01-13,MSFT,0.2,0.04490447005768978
2022-01-14,MSFT,0.1111111111111111,0.042639255784465105
2022-01-18,MSFT,0.0,0.04284323271665044
2022-01-19,MSFT,-0.1,0.035492925749655985
2022-01-20,MSFT,-0.2857142857142857,0.03129621581552833
2022-01-21,MSFT,-0.25,0.029953656606759353
2022-01-24,MSFT,-0.1,0.036880611839667884
2022-01-25,MSFT,-0.0625,0.036700920859468834
2022-01-26,MSFT,0.06666666666666667,0.04063689270129376
2022-01-27,MSFT,0.15384615384615385,0.04912098665736755
2022-01-28,MSFT,0.0,0.03891911244459987
2022-01-31,MSFT,0.13333333333333333,0.042649503156043544
2022-02-01,MSFT,0.0,0.03636008757160536
2022-02-02,MSFT,-0.36,0.02742235253214906
2022-02-03,MSFT,0.013215859030837005,0.041201930942323044
2022-02-04,MSFT,-0.02,0.03825471003117576
2022-02-07,MSFT,0.15789473684210525,0.047061812613595815
2022-02-08,MSFT,-0.09090909090909091,0.03679839909440892
2022-02-09,MSFT,0.0,0.03938141954174348
2022-02-10,MSFT,-0.3333333333333333,0.027453375320848534
2022-02-11,MSFT,-0.36363636363636365,0.02822798695981336
2022-02-14,MSFT,0.0,0.03849872774953338
2022-02-15,MSFT,-0.08333333333333333,0.03578558225508318
2022-02-16,MSFT,0.0,0.04134961913757667
2022-02-17,MSFT,0.15384615384615385,0.04744327453139087
2022-02-18,MSFT,0.15384615384615385,0.046382323152415805
2022-02-22,MSFT,0.2,0.04837128405790704
2022-02-23,MSFT,-0.2857142857142857,0.03071028470876591
2022-02-24,MSFT,-0.2,0.03253468746749515
2022-02-25,MSFT,0.0,0.03650233884052573
2022-02-28,MSFT,-0.16666666666666666,0.031194822265228676
2022-03-01,MSFT,0.5,0.06205661515685155
2022-03-02,MSFT,-0.6,0.016576164618462418
2022-03-03,MSFT,0.0,0.042375375198634574
2022-03-04,MSFT,-0.15384615384615385,0.03435195114766525
2022-03-07,MSFT,-0.15384615384615385,0.03762894525405287
2022-03-08,MSFT,-0.08333333333333333,0.039038280774908056
2022-03-09,MSFT,0.09375,0.04586826647414073
2022-03-10,MSFT,0.03333333333333333,0.042517888733959064
2022-03-11,MSFT,0.0,0.04105453813644597
2022-03-14,MSFT,0.0,0.04259240273311343
2022-03-15,MSFT,0.4,0.05234336644133086
2022-03-16,MSFT,0.0,0.03860922546126971
2022-03-17,MSFT,0.0,0.03943764834763557
2022-03-18,MSFT,0.0,0.038225187042047706
2022-03-21,MSFT,0.6666666666666666,0.06165329063471373
2022-03-22,MSFT,0.0,0.0401822140001
2022-03-23,MSFT,0.0,0.03922940076330074
2022-03-24,MSFT,0.0,0.0393835717185505
2022-03-25,MSFT,0.0,0.040969947243063964
2022-03-28,MSFT,0.14285714285714285,0.04380645463237211
2022-03-29,MSFT,0.0625,0.0381264886846659
2022-03-30,MSFT,0.0,0.038937739349428006
2022-03-31,MSFT,0.0,0.041880051661098344
2022-04-01,MSFT,-0.07692307692307693,0.03520951749575514
2022-04-04,MSFT,0.25,0.04779883399146563
2022-04-05,MSFT,0.09090909090909091,0.041880990422780984
2022-04-06,MSFT,-0.25,0.032054235667124106
2022-04-07,MSFT,0.0,0.041331304073072665
2022-04-08,MSFT,-0.1111111111111111,0.035063051659805264
2022-04-11,MSFT,0.25,0.048730710760324036
2022-04-12,MSFT,-0.125,0.0360554969716305
2022-04-13,MSFT,0.16666666666666666,0.047304806411309526
2022-04-14,MSFT,0.08333333333333333,0.04369778339924013
2022-04-18,MSFT,0.0,0.03952532668421296
2022-04-19,MSFT,0.0,0.039848275295438676
2022-04-20,MSFT,-0.045454545454545456,0.04162656002724828
2022-04-21,MSFT,0.07142857142857142,0.04476282110960907
2022-04-22,MSFT,-0.0625,0.039002523226922076
2022-04-25,MSFT,-0.2,0.0367436084107747
2022-04-26,MSFT,-0.14285714285714285,0.034268875739548794
2022-04-27,MSFT,-0.46153846153846156,0.024207383522458638
2022-04-28,MSFT,-0.2743362831858407,0.02925477673893521
2022-04-29,MSFT,-0.37037037037037035,0.026311761614750077
2022-05-02,MSFT,-0.3333333333333333,0.031952623891486766
2022-05-03,MSFT,0.0,0.03828200498604768
2022-05-04,MSFT,0.125,0.04082454062115069
2022-05-05,MSFT,-0.23076923076923078,0.03276040693997571
2022-05-06,MSFT,-0.26666666666666666,0.028481009369300085
2022-05-09,MSFT,-0.21052631578947367,0.03029314615151108
2022-05-10,MSFT,-0.09090909090909091,0.03792693626019214
2022-05-11,MSFT,-0.10714285714285714,0.0356102159120034
2022-05-12,MSFT,-0.3,0.0320671820121882
2022-05-13,MSFT,0.0,0.04186510463794823
2022-05-16,MSFT,0.0,0.03804601872686361
2022-05-17,MSFT,0.0,0.03897082100712828
2022-05-18,MSFT,-0.3157894736842105,0.02988628754397393
2022-05-19,MSFT,-0.5333333333333333,0.02077469694858576
2022-05-20,MSFT,-0.2727272727272727,0.03005181010118093
2022-05-23,MSFT,-0.5,0.01908734336710138
2022-05-24,MSFT,-0.23529411764705882,0.03594391876765055
2022-05-25,MSFT,0.0,0.041061884010048316
2022-05-26,MSFT,-0.08333333333333333,0.03571262403165138
2022-05-27,MSFT,0.08695652173913043,0.03980506979219284
2022-05-31,MSFT,-0.11764705882352941,0.03742702096003577
2022-06-01,MSFT,-0.10526315789473684,0.03490288636370882
2022-06-02,MSFT,-0.047619047619047616,0.037701359533874094
2022-06-03,MSFT,-0.23809523809523808,0.030390835850447308
2022-06-06,MSFT,0.07317073170731707,0.03909123226577902
2022-06-07,MSFT,-0.09090909090909091,0.039577729646211576
2022-06-08,MSFT,-0.08333333333333333,0.03932537012113055
2022-06-09,MSFT,0.0,0.039996669546121584
2022-06-10,MSFT,-0.07142857142857142,0.043309678544426716
2022-06-13,MSFT,-0.2,0.03563478909737891
2022-06-14,MSFT,-0.2,0.033551366428178506
2022-06-15,MSFT,0.2,0.05022626279098211
2022-06-16,MSFT,0.09090909090909091,0.04568454840653276
2022-06-17,MSFT,0.0,0.041723308585172016
2022-06-21,MSFT,0.0,0.039089105392519766
2022-06-22,MSFT,0.3333333333333333,0.04750102821478391
2022-06-23,MSFT,0.375,0.0562992125984252
2022-06-24,MSFT,0.25,0.04789844409420588
2022-06-27,MSFT,0.2,0.049298185552892844
2022-06-28,MSFT,-0.14285714285714285,0.032945884231823465
2022-06-29,MSFT,-0.1111111111111111,0.03809276453909919
2022-06-30,MSFT,-0.3333333333333333,0.02862660229255902
2022-07-01,MSFT,-0.3333333333333333,0.0294267510120733
2022-07-05,MSFT,-0.1111111111111111,0.03721890683371897
2022-07-06,MSFT,0.4,0.053405542871410215
2022-07-07,MSFT,0.0,0.03517369037089608
2022-07-08,MSFT,-0.09090909090909091,0.03388790518117017
2022-07-11,MSFT,0.125,0.0449878604186172
2022-07-12,MSFT,-0.3,0.030068476911705222
2022-07-13,MSFT,0.0,0.04005372431930703
2022-07-14,MSFT,0.16666666666666666,0.04844641520670202
2022-07-15,MSFT,-0.07142857142857142,0.038484090096531996
2022-07-18,MSFT,-0.1,0.036667191785699646
2022-07-19,MSFT,-0.25,0.03326430865266094
2022-07-20,MSFT,0.2222222222222222,0.04949905461178949
2022-07-21,MSFT,0.25,0.0467266799689428
2022-07-22,MSFT,-0.08333333333333333,0.03979713394567235
2022-07-25,MSFT,-0.18181818181818182,0.03417529939551309
2022-07-26,MSFT,-0.47368421052631576,0.02331183464138628
2022-07-27,MSFT,0.15384615384615385,0.04386921086840514
2022-07-28,MSFT,0.13402061855670103,0.04290442605123746
2022-07-29,MSFT,0.15384615384615385,0.04995618547793586
2022-08-01,MSFT,0.18181818181818182,0.04636174461395375
2022-08-02,MSFT,0.0,0.03752442384463849
2022-08-03,MSFT,0.14285714285714285,0.04512867985462043
2022-08-04,MSFT,-0.125,0.03422275857358007
2022-08-05,MSFT,0.06666666666666667,0.045474121367761806
2022-08-08,MSFT,0.1111111111111111,0.04000727404982724
2022-08-09,MSFT,-0.1,0.03517211376350582
2022-08-10,MSFT,-0.23076923076923078,0.030848970485604192
2022-08-11,MSFT,0.2222222222222222,0.04599432539711965
2022-08-12,MSFT,0.13333333333333333,0.04163165999220798
2022-08-15,MSFT,0.14285714285714285,0.043744194605583694
2022-08-16,MSFT,0.06666666666666667,0.04276273725562298
2022-08-17,MSFT,-0.125,0.03565828564481467
2022-08-18,MSFT,0.0,0.03961343412113673
2022-08-19,MSFT,0.3333333333333333,0.04903363961148925
2022-08-22,MSFT,0.125,0.04684392546504477
2022-08-23,MSFT,-0.08333333333333333,0.03720813360136076
2022-08-24,MSFT,-0.2727272727272727,0.030545207044765054
2022-08-25,MSFT,0.25,0.05330509950926931
2022-08-26,MSFT,0.125,0.044349072027581496
2022-08-29,MSFT,-0.25,0.03186201845102108
2022-08-30,MSFT,-0.3333333333333333,0.02902694984360723
2022-08-31,MSFT,0.0,0.042969041402461765
2022-09-01,MSFT,-0.125,0.03742204385023762
2022-09-02,MSFT,-0.375,0.025847499751466347
2022-09-06,MSFT,-0.4,0.024419630943329454
2022-09-07,MSFT,0.0,0.0412940001905622
2022-09-08,MSFT,0.0,0.03938608730316922
2022-09-09,MSFT,0.0,0.03675651592782357
2022-09-12,MSFT,0.0,0.04
2022-09-13,MSFT,0.14285714285714285,0.0456165117002376
2022-09-14,MSFT,-0.4444444444444444,0.025214614042511258
2022-09-15,MSFT,0.2,0.04571015059318161
2022-09-16,MSFT,-0.1111111111111111,0.03516282786768274
2022-09-19,MSFT,0.1,0.04302767349324461
2022-09-20,MSFT,-0.25,0.03212113813489011
2022-09-21,MSFT,-0.16666666666666666,0.033719128073812006
2022-09-22,MSFT,-0.42857142857142855,0.034361415855930444
2022-09-23,MSFT,0.0,0.04480255617684854
2022-09-26,MSFT,-0.2857142857142857,0.031481274695647384
2022-09-27,MSFT,-0.4,0.0242203245686592
2022-09-28,MSFT,0.1,0.049443813847900114
2022-09-29,MSFT,0.0,0.041824858405427275
2021-09-30,NFLX,-0.2,0.03221476510067114
2021-10-01,NFLX,0.0,0.0404546720336194
2021-10-04,NFLX,0.0,0.04175483266638788
2021-10-05,NFLX,0.0,0.038292663754477776
2021-10-06,NFLX,0.0,0.03912478010225469
2021-10-07,NFLX,0.0,0.03892551375640442
2021-10-08,NFLX,0.0,0.03574873744538388
2021-10-11,NFLX,0.2,0.04578432650932325
2021-10-12,NFLX,0.0,0.039850909743464925
2021-10-13,NFLX,0.0,0.04025932353962698
2021-10-14,NFLX,0.0,0.038335842280851254
2021-10-15,NFLX,-0.16666666666666666,0.03236622070646628
2021-10-18,NFLX,-0.4,0.025564665536967162
2021-10-19,NFLX,0.07142857142857142,0.040194659192410755
2021-10-20,NFLX,0.2857142857142857,0.049486979453618705
2021-10-21,NFLX,0.0,0.042773025219420065
2021-10-22,NFLX,0.0,0.039788214178381104
2021-10-25,NFLX,0.0,0.03942099830724345
2021-10-26,NFLX,0.0,0.035586567815089405
2021-10-27,NFLX,1.0,0.07509304022788992
2021-10-28,NFLX,0.3333333333333333,0.05393010080586476
2021-10-29,NFLX,0.0,0.039853995204868514
2021-11-01,NFLX,0.0,0.037923472602569626
2021-11-02,NFLX,-0.5,0.020783643792420214
2021-11-03,NFLX,0.0,0.03810640480726953
2021-11-04,NFLX,0.0,0.04028553544176718
2021-11-05,NFLX,0.0,0.03663287240160957
2021-11-08,NFLX,0.0,0.03761691671962014
2021-11-09,NFLX,0.0,0.039563389598379795
2021-11-10,NFLX,0.0,0.0390647226299692
2021-11-11,NFLX,0.3333333333333333,0.04620972025682771
2021-11-12,NFLX,0.0,0.03767266638760988
2021-11-15,NFLX,0.5,0.056799263295304624
2021-11-16,NFLX,0.0,0.03855032381662256
2021-11-17,NFLX,0.0,0.03901465538156712
2021-11-18,NFLX,0.0,0.0409116750906957
2021-11-19,NFLX,0.0,0.03979304274211169
2021-11-22,NFLX,0.0,0.03866788657852228
2021-11-23,NFLX,0.3333333333333333,0.04767915157399454
2021-11-24,NFLX,0.0,0.038311658572233606
2021-11-26,NFLX,0.0,0.04204333697811591
2021-11-29,NFLX,0.0,0.03645835706182772
2021-11-30,NFLX,0.3333333333333333,0.04606667262956741
2021-12-01,NFLX,0.0,0.03893571805477288
2021-12-02,NFLX,0.0,0.04001442606739963
2021-12-03,NFLX,0.0,0.043220137734504865
2021-12-06,NFLX,0.0,0.03814895360536512
2021-12-07,NFLX,0.0,0.03940563691990846
2021-12-08,NFLX,0.0,0.038702944221720964
2021-12-09,NFLX,-0.3333333333333333,0.02966022432764961
2021-12-10,NFLX,0.0,0.04027128283161306
2021-12-13,NFLX,0.0,0.037092497072877435
2021-12-14,NFLX,-1.0,0.0
2021-12-15,NFLX,0.3333333333333333,0.046443442181085516
2021-12-16,NFLX,0.0,0.039366244198216035
2021-12-17,NFLX,0.0,0.03707873958194363
2021-12-20,NFLX,-1.0,0.0
2021-12-21,NFLX,0.0,0.038327853452325034
2021-12-22,NFLX,0.0,0.04093277102455967
2021-12-23,NFLX,0.0,0.03788437884378844
2021-12-27,NFLX,0.0,0.04007809261469321
2021-12-28,NFLX,0.0,0.04019138755980861
2021-12-29,NFLX,0.0,0.03666192174538764
2021-12-30,NFLX,0.0,0.03845527841640175
2021-12-31,NFLX,0.0,0.039660290724095396
2022-01-03,NFLX,0.0,0.03706860917346019
2022-01-04,NFLX,0.0,0.03830332714714829
2022-01-05,NFLX,0.0,0.042344406104898646
2022-01-06,NFLX,0.0,0.041535758027584004
2022-01-07,NFLX,0.0,0.040656527631380814
2022-01-10,NFLX,-0.3333333333333333,0.028593762474957256
2022-01-11,NFLX,1.0,0.0700200877555308
2022-01-12,NFLX,-0.5,0.01967479019118285
2022-01-13,NFLX,0.0,0.03742039171474148
2022-01-14,NFLX,0.5,0.057562995309027885
2022-01-18,NFLX,0.0,0.04284323271665044
2022-01-19,NFLX,0.16666666666666666,0.046009348193998496
2022-01-20,NFLX,-0.2878787878787879,0.031201378797905518
2022-01-21,NFLX,-0.23809523809523808,0.03042911147353331
2022-01-24,NFLX,-0.2727272727272727,0.02980251461791344
2022-01-25,NFLX,-0.25,0.029360736687575068
2022-01-26,NFLX,0.0,0.0380970869074629
2022-01-27,NFLX,0.2222222222222222,0.05203185994076711
2022-01-28,NFLX,0.0,0.03891911244459987
2022-01-31,NFLX,0.0,0.03763191454945019
2022-02-01,NFLX,-0.25,0.027270065678704016
2022-02-02,NFLX,0.16666666666666666,0.049988663470063394
2022-02-03,NFLX,-0.05555555555555555,0.03840537476000594
2022-02-04,NFLX,0.5,0.05855312759873841
2022-02-07,NFLX,-0.2,0.032515434169393474
2022-02-08,NFLX,0.3333333333333333,0.053970985338466414
2022-02-09,NFLX,-0.3333333333333333,0.026254279694495657
2022-02-10,NFLX,0.0,0.041180062981272796
2022-02-11,NFLX,-0.16666666666666666,0.03696522101880321
2022-02-14,NFLX,0.0,0.03849872774953338
2022-02-15,NFLX,0.5,0.05855822550831793
2022-02-16,NFLX,0.0,0.04134961913757667
2022-02-17,NFLX,0.0,0.04111750459387209
2022-02-18,NFLX,0.0,0.04019801339876037
2022-02-22,NFLX,0.0,0.040309403381589205
2022-02-23,NFLX,-0.4,0.025796639155363364
2022-02-24,NFLX,-0.5,0.02033417966718447
2022-02-25,NFLX,0.0,0.03650233884052573
2022-02-28,NFLX,-0.5,0.018716893359137204
2022-03-01,NFLX,-0.5,0.020685538385617184
2022-03-02,NFLX,0.0,0.04144041154615605
2022-03-03,NFLX,0.0,0.042375375198634574
2022-03-04,NFLX,0.0,0.04059776044724075
2022-03-07,NFLX,-0.2,0.03557645733110453
2022-03-08,NFLX,-0.5,0.021293607695404393
2022-03-09,NFLX,0.0,0.041936700776357236
2022-03-10,NFLX,0.0,0.04114634393608941
2022-03-11,NFLX,0.0,0.04105453813644597
2022-03-14,NFLX,0.0,0.04259240273311343
2022-03-15,NFLX,0.25,0.04673514860833113
2022-03-16,NFLX,-0.25,0.02895691909595228
2022-03-17,NFLX,0.0,0.03943764834763557
2022-03-18,NFLX,0.0,0.038225187042047706
2022-03-21,NFLX,0.25,0.0462399679760353
2022-03-22,NFLX,0.0,0.0401822140001
2022-03-23,NFLX,0.0,0.03922940076330074
2022-03-24,NFLX,0.0,0.0393835717185505
2022-03-25,NFLX,0.0,0.040969947243063964
2022-03-28,NFLX,0.0,0.038330647803325596
2022-03-29,NFLX,0.0,0.03588375405615614
2022-03-30,NFLX,0.0,0.038937739349428006
2022-03-31,NFLX,0.0,0.041880051661098344
2022-04-01,NFLX,0.0,0.038143643953734735
2022-04-04,NFLX,0.0,0.0382390671931725
2022-04-05,NFLX,0.0,0.038390907887549244
2022-04-06,NFLX,0.0,0.04273898088949882
2022-04-07,NFLX,0.0,0.041331304073072665
2022-04-08,NFLX,0.0,0.039445933117280924
2022-04-11,NFLX,0.0,0.03898456860825923
2022-04-12,NFLX,0.0,0.041206282253291995
2022-04-13,NFLX,0.0,0.04054697692397959
2022-04-14,NFLX,0.0,0.04033641544545243
2022-04-18,NFLX,0.0,0.03952532668421296
2022-04-19,NFLX,-0.25,0.029886206471579007
2022-04-20,NFLX,-0.25,0.032706582878552215
2022-04-21,NFLX,-0.34782608695652173,0.027246934588457696
2022-04-22,NFLX,-0.1875,0.0338021867966658
2022-04-25,NFLX,-0.4,0.027557706308081024
2022-04-26,NFLX,-0.3076923076923077,0.027678707328097102
2022-04-27,NFLX,-0.3181818181818182,0.030652206408308017
2022-04-28,NFLX,0.0,0.040314509408532664
2022-04-29,NFLX,-0.4,0.025073561068173603
2022-05-02,NFLX,-0.5,0.02396446791861507
2022-05-03,NFLX,-0.5,0.01914100249302384
2022-05-04,NFLX,-0.25,0.02721636041410046
2022-05-05,NFLX,-1.0,0.0
2022-05-06,NFLX,-0.16666666666666666,0.03236478337420464
2022-05-09,NFLX,-0.6,0.015348527383432281
2022-05-10,NFLX,0.0,0.041719629886211355
2022-05-11,NFLX,-0.25,0.02991258136608285
2022-05-12,NFLX,-0.25,0.034357695013058784
2022-05-13,NFLX,-0.2,0.03349208371035858
2022-05-16,NFLX,0.0,0.03804601872686361
2022-05-17,NFLX,-0.6,0.015588328402851312
2022-05-18,NFLX,-0.5,0.021839979359057873
2022-05-19,NFLX,0.0,0.04451720774696949
2022-05-20,NFLX,-0.25,0.030990929166842835
2022-05-23,NFLX,0.0,0.03817468673420276
2022-05-24,NFLX,-1.0,0.0
2022-05-25,NFLX,0.0,0.041061884010048316
2022-05-26,NFLX,-0.25,0.029219419662260222
2022-05-27,NFLX,0.0,0.03662066420881741
2022-05-31,NFLX,-1.0,0.0
2022-06-01,NFLX,-0.5,0.019504554144425514
2022-06-02,NFLX,0.0,0.039586427510567804
2022-06-03,NFLX,-0.25,0.029915979040284067
2022-06-06,NFLX,0.0,0.03642592097493045
2022-06-07,NFLX,-0.5,0.021767751305416368
2022-06-08,NFLX,0.0,0.042900403768506054
2022-06-09,NFLX,-0.3333333333333333,0.02666444636408106
2022-06-10,NFLX,-0.6666666666666666,0.015547064092871132
2022-06-13,NFLX,-0.5,0.02227174318586182
2022-06-14,NFLX,-0.6,0.016775683214089253
2022-06-15,NFLX,-0.2,0.03348417519398807
2022-06-16,NFLX,0.0,0.04187750270598836
2022-06-17,NFLX,0.0,0.041723308585172016
2022-06-21,NFLX,0.0,0.039089105392519766
2022-06-22,NFLX,0.0,0.035625771161087935
2022-06-23,NFLX,-0.625,0.015354330708661417
2022-06-24,NFLX,0.3333333333333333,0.05109167370048626
2022-06-27,NFLX,0.0,0.04108182129407737
2022-06-28,NFLX,-1.0,0.0
2022-06-29,NFLX,-0.6666666666666666,0.014284786702162199
2022-06-30,NFLX,0.0,0.04293990343883852
2022-07-01,NFLX,0.0,0.044140126518109946
2022-07-05,NFLX,0.0,0.041871270187933844
2022-07-06,NFLX,-0.25,0.028610112252541186
2022-07-07,NFLX,0.25,0.043967112963620096
2022-07-08,NFLX,0.0,0.03727669569928719
2022-07-11,NFLX,0.0,0.03998920926099307
2022-07-12,NFLX,0.0,0.04295496701672175
2022-07-13,NFLX,0.14285714285714285,0.04577568493635089
2022-07-14,NFLX,-0.25,0.031144124061451298
2022-07-15,NFLX,0.0,0.04144440471934215
2022-07-18,NFLX,-0.16666666666666666,0.03395110350527745
2022-07-19,NFLX,-0.29310344827586204,0.031352566776071226
2022-07-20,NFLX,0.06666666666666667,0.04319917493392537
2022-07-21,NFLX,-0.75,0.00934533599378856
2022-07-22,NFLX,0.0,0.04341505521346075
2022-07-25,NFLX,0.5,0.06265471555844067
2022-07-26,NFLX,-0.3333333333333333,0.02952832387908929
2022-07-27,NFLX,0.0,0.03801998275261779
2022-07-28,NFLX,-1.0,0.0
2022-07-29,NFLX,-1.0,0.0
2022-08-01,NFLX,0.0,0.03922916851949932
2022-08-02,NFLX,0.0,0.03752442384463849
2022-08-03,NFLX,0.0,0.039487594872792874
2022-08-04,NFLX,0.0,0.039111724084091505
2022-08-05,NFLX,-0.25,0.031973991586707516
2022-08-08,NFLX,0.0,0.03600654664484452
2022-08-09,NFLX,0.0,0.03908012640389535
2022-08-10,NFLX,0.375,0.055142534743017495
2022-08-11,NFLX,0.0,0.03763172077946153
2022-08-12,NFLX,0.0,0.03673381764018351
2022-08-15,NFLX,0.0,0.03827617027988573
2022-08-16,NFLX,-0.3333333333333333,0.026726710784764372
2022-08-17,NFLX,0.0,0.04075232645121677
2022-08-18,NFLX,0.0,0.03961343412113673
2022-08-19,NFLX,-0.3333333333333333,0.024516819805744633
2022-08-22,NFLX,0.0,0.041639044857817574
2022-08-23,NFLX,0.0,0.04059069120148446
2022-08-24,NFLX,0.0,0.04199965968655195
2022-08-25,NFLX,-1.0,0.0
2022-08-26,NFLX,0.0,0.039421397357850226
2022-08-29,NFLX,-0.3333333333333333,0.028321794178685415
2022-08-30,NFLX,0.0,0.04354042476541083
2022-08-31,NFLX,0.0,0.042969041402461765
2022-09-01,NFLX,-0.3333333333333333,0.028512033409704856
2022-09-02,NFLX,0.0,0.041355999602346157
2022-09-06,NFLX,0.0,0.040699384905549085
2022-09-07,NFLX,0.0,0.0412940001905622
2022-09-08,NFLX,0.0,0.03938608730316922
2022-09-09,NFLX,0.0,0.03675651592782357
2022-09-12,NFLX,0.0,0.04
2022-09-13,NFLX,0.0,0.0399144477377079
2022-09-14,NFLX,0.0,0.04538630527652027
2022-09-15,NFLX,0.0,0.038091792160984676
2022-09-16,NFLX,0.14285714285714285,0.04520935011559209
2022-09-19,NFLX,0.0,0.03911606681204055
2022-09-20,NFLX,0.0,0.04282818417985349
2022-09-21,NFLX,0.0,0.040462953688574416
2022-09-22,NFLX,-1.0,0.0
2022-09-23,NFLX,0.0,0.04480255617684854
2022-09-26,NFLX,0.0,0.04407378457390633
2022-09-27,NFLX,0.0,0.040367207614432
2022-09-28,NFLX,0.0,0.044948921679909194
2022-09-29,NFLX,-0.6666666666666666,0.01394161946847576
2021-09-30,NIO,0.14285714285714285,0.04602109300095877
2021-10-01,NIO,0.17647058823529413,0.04759373180425812
2021-10-04,NIO,0.0,0.04175483266638788
2021-10-05,NIO,0.0,0.038292663754477776
2021-10-06,NIO,0.0,0.03912478010225469
2021-10-07,NIO,0.1875,0.046224047585730246
2021-10-08,NIO,0.0,0.03574873744538388
2021-10-11,NIO,0.14285714285714285,0.043604120485069765
2021-10-12,NIO,0.5,0.05977636461519738
2021-10-13,NIO,0.14285714285714285,0.04601065547385941
2021-10-14,NIO,0.0,0.038335842280851254
2021-10-15,NIO,0.07142857142857142,0.04161371233688522
2021-10-18,NIO,0.21052631578947367,0.05157783397809164
2021-10-19,NIO,0.3333333333333333,0.05002002032833338
2021-10-20,NIO,0.3333333333333333,0.05131983054449347
2021-10-21,NIO,0.14285714285714285,0.04888345739362293
2021-10-22,NIO,0.16666666666666666,0.04641958320811129
2021-10-25,NIO,0.23529411764705882,0.0486965273207125
2021-10-26,NIO,0.5,0.053379851722634104
2021-10-27,NIO,0.0,0.03754652011394496
2021-10-28,NIO,0.1,0.04449233316483844
2021-10-29,NIO,0.2857142857142857,0.05124085097768808
2021-11-01,NIO,-0.125,0.033183038527248424
2021-11-02,NIO,0.09090909090909091,0.045346131910735006
2021-11-03,NIO,0.1,0.04191704528799649
2021-11-04,NIO,0.2777777777777778,0.05147596195336917
2021-11-05,NIO,0.15384615384615385,0.04226869892493411
2021-11-08,NIO,0.3076923076923077,0.04919135263334942
2021-11-09,NIO,0.14285714285714285,0.04521530239814834
2021-11-10,NIO,0.15789473684210525,0.04523283672943802
2021-11-11,NIO,0.45,0.050253070779300135
2021-11-12,NIO,0.3,0.04897446630389285
2021-11-15,NIO,0.1111111111111111,0.042073528366892314
2021-11-16,NIO,0.3333333333333333,0.05140043175549674
2021-11-17,NIO,-0.09090909090909091,0.035467868528697384
2021-11-18,NIO,0.125,0.046025634477032666
2021-11-19,NIO,0.16666666666666666,0.04642521653246364
2021-11-22,NIO,0.2631578947368421,0.04884364620444919
2021-11-23,NIO,0.125,0.040229284140557896
2021-11-24,NIO,0.23076923076923078,0.04715281055044136
2021-11-26,NIO,-0.1,0.03783900328030432
2021-11-29,NIO,0.0,0.03645835706182772
2021-11-30,NIO,0.0,0.03455000447217556
2021-12-01,NIO,0.42105263157894735,0.05532970460415094
2021-12-02,NIO,-0.2,0.032011540853919704
2021-12-03,NIO,-0.14285714285714285,0.037045832343861315
2021-12-06,NIO,0.36363636363636365,0.05202130037095244
2021-12-07,NIO,0.058823529411764705,0.04172361556225601
2021-12-08,NIO,0.0,0.038702944221720964
2021-12-09,NIO,0.0,0.04449033649147441
2021-12-10,NIO,0.25,0.050339103539516324
2021-12-13,NIO,0.16666666666666666,0.04327457991835701
2021-12-14,NIO,0.1111111111111111,0.04249955414763608
2021-12-15,NIO,-0.058823529411764705,0.032783606245472136
2021-12-16,NIO,-0.1,0.035429619778394435
2021-12-17,NIO,0.058823529411764705,0.039259841910293254
2021-12-20,NIO,0.0,0.0437862202189311
2021-12-21,NIO,0.13333333333333333,0.04343823391263504
2021-12-22,NIO,0.36363636363636365,0.055817415033490456
2021-12-23,NIO,0.3333333333333333,0.050512505125051246
2021-12-27,NIO,0.23076923076923078,0.049326883218083956
2021-12-28,NIO,0.0,0.04019138755980861
2021-12-29,NIO,0.14285714285714285,0.041899339137585874
2021-12-30,NIO,0.2631578947368421,0.04857508852598115
2021-12-31,NIO,0.0625,0.04213905889435136
2022-01-03,NIO,0.19047619047619047,0.04412929663507165
2022-01-04,NIO,0.15384615384615385,0.04419614670824803
2022-01-05,NIO,0.0,0.042344406104898646
2022-01-06,NIO,0.0,0.041535758027584004
2022-01-07,NIO,-0.1111111111111111,0.0361391356723385
2022-01-10,NIO,0.0,0.04289064371243587
2022-01-11,NIO,0.0,0.0350100438777654
2022-01-12,NIO,0.375,0.05410567302575283
2022-01-13,NIO,0.1875,0.044436715161255504
2022-01-14,NIO,0.3,0.04988792926782418
2022-01-18,NIO,0.2,0.05141187925998053
2022-01-19,NIO,0.1111111111111111,0.04381842685142714
2022-01-20,NIO,0.2,0.05257764257008759
2022-01-21,NIO,0.0,0.03993820880901247
2022-01-24,NIO,-0.08333333333333333,0.03756358613299506
2022-01-25,NIO,0.1,0.04306241380844344
2022-01-26,NIO,0.0,0.0380970869074629
2022-01-27,NIO,0.0,0.04257152176971855
2022-01-28,NIO,-0.125,0.03405422338902489
2022-01-31,NIO,0.34782608695652173,0.050721276131867644
2022-02-01,NIO,0.3333333333333333,0.04848011676214047
2022-02-02,NIO,0.13333333333333333,0.048560415942347286
2022-02-03,NIO,0.3,0.0528638687873023
2022-02-04,NIO,0.2727272727272727,0.04968144159892956
2022-02-07,NIO,0.2,0.04877315125409021
2022-02-08,NIO,0.0,0.040478239003849815
2022-02-09,NIO,0.1,0.04331956149591783
2022-02-10,NIO,0.1111111111111111,0.04575562553474755
2022-02-11,NIO,-0.25,0.033268698916922884
2022-02-14,NIO,0.0,0.03849872774953338
2022-02-15,NIO,0.16666666666666666,0.0455452865064695
2022-02-16,NIO,0.3333333333333333,0.05513282551676889
2022-02-17,NIO,0.0,0.04111750459387209
2022-02-18,NIO,-0.14285714285714285,0.03445544005608032
2022-02-22,NIO,-0.125,0.03527072795889055
2022-02-23,NIO,0.0,0.042994398592272276
2022-02-24,NIO,0.4,0.05693570306811651
2022-02-25,NIO,0.3333333333333333,0.04866978512070097
2022-02-28,NIO,0.3333333333333333,0.04991171562436588
2022-03-01,NIO,0.14285714285714285,0.047281230595696416
2022-03-02,NIO,0.0,0.04144041154615605
2022-03-03,NIO,0.0,0.042375375198634574
2022-03-04,NIO,0.1111111111111111,0.04510862271915639
2022-03-07,NIO,0.14285714285714285,0.05082351047300648
2022-03-08,NIO,-0.15384615384615385,0.036035336099915126
2022-03-09,NIO,0.1111111111111111,0.04659633419595249
2022-03-10,NIO,0.0,0.04114634393608941
2022-03-11,NIO,-0.058823529411764705,0.03863956530489032
2022-03-14,NIO,0.0,0.04259240273311343
2022-03-15,NIO,-0.3,0.02617168322066543
2022-03-16,NIO,0.14814814814814814,0.04432911071479115
2022-03-17,NIO,0.125,0.04436735439109001
2022-03-18,NIO,0.2727272727272727,0.04865023805351526
2022-03-21,NIO,0.14285714285714285,0.04227654214951799
2022-03-22,NIO,0.25,0.050227767500124997
2022-03-23,NIO,0.4444444444444444,0.0566646899914344
2022-03-24,NIO,0.11764705882352941,0.0440169330972035
2022-03-25,NIO,0.2777777777777778,0.05235048814391506
2022-03-28,NIO,0.13333333333333333,0.043441400843769004
2022-03-29,NIO,0.0,0.03588375405615614
2022-03-30,NIO,0.07692307692307693,0.04193295006861477
2022-03-31,NIO,0.16666666666666666,0.048860060271281404
2022-04-01,NIO,0.391304347826087,0.053069417674761366
2022-04-04,NIO,-0.07142857142857142,0.03550770525080304
2022-04-05,NIO,0.23076923076923078,0.04725034816929138
2022-04-06,NIO,0.18181818181818182,0.050509704687589516
2022-04-07,NIO,0.14285714285714285,0.047235776083511614
2022-04-08,NIO,0.14285714285714285,0.04508106641974962
2022-04-11,NIO,-0.3125,0.02680189091817822
2022-04-12,NIO,0.0,0.041206282253291995
2022-04-13,NIO,0.0,0.04054697692397959
2022-04-14,NIO,0.0,0.04033641544545243
2022-04-18,NIO,0.125,0.044465992519739574
2022-04-19,NIO,0.16666666666666666,0.046489654511345124
2022-04-20,NIO,0.0,0.04360877717140296
2022-04-21,NIO,0.0,0.041778633035635136
2022-04-22,NIO,0.375,0.057203700732819045
2022-04-25,NIO,0.0,0.04592951051346838
2022-04-26,NIO,0.0,0.03998035502947359
2022-04-27,NIO,0.2,0.05394788327862211
2022-04-28,NIO,0.5,0.060471764112799
2022-04-29,NIO,0.18181818181818182,0.04938731725549347
2022-05-02,NIO,-0.16666666666666666,0.03994077986435845
2022-05-03,NIO,0.1,0.042110205484652455
2022-05-04,NIO,-0.2,0.029030784441707157
2022-05-05,NIO,0.0,0.04258852902196842
2022-05-06,NIO,0.13333333333333333,0.04401610538891831
2022-05-09,NIO,0.6666666666666666,0.06395219743096783
2022-05-10,NIO,-0.16666666666666666,0.03476635823850946
2022-05-11,NIO,0.125,0.04486887204912427
2022-05-12,NIO,-0.25,0.034357695013058784
2022-05-13,NIO,0.1111111111111111,0.04651678293105359
2022-05-16,NIO,0.5,0.05706902809029542
2022-05-17,NIO,0.2857142857142857,0.050105341294879216
2022-05-18,NIO,0.0,0.043679958718115745
2022-05-19,NIO,0.0,0.04451720774696949
2022-05-20,NIO,0.16666666666666666,0.04820811203731108
2022-05-23,NIO,0.25,0.04771835841775345
2022-05-24,NIO,0.0,0.047003586080773804
2022-05-25,NIO,0.0,0.041061884010048316
2022-05-26,NIO,0.5,0.058438839324520445
2022-05-27,NIO,0.0,0.03662066420881741
2022-05-31,NIO,0.25,0.053021613026717346
2022-06-01,NIO,0.14285714285714285,0.044581838044401176
2022-06-02,NIO,0.0,0.039586427510567804
2022-06-03,NIO,0.5,0.05983195808056813
2022-06-06,NIO,0.3333333333333333,0.04856789463324059
2022-06-07,NIO,0.2,0.052242603132999284
2022-06-08,NIO,0.2222222222222222,0.05243382682817407
2022-06-09,NIO,0.2222222222222222,0.0488848183341486
2022-06-10,NIO,0.0,0.04664119227861339
2022-06-13,NIO,0.16666666666666666,0.05196740076701092
2022-06-14,NIO,0.4,0.058714891249312375
2022-06-15,NIO,0.0,0.04185521899248509
2022-06-16,NIO,0.0,0.04187750270598836
2022-06-17,NIO,-0.16666666666666666,0.03476942382097668
2022-06-21,NIO,0.4166666666666667,0.055376232639403
2022-06-22,NIO,0.5,0.053438656741631896
2022-06-23,NIO,0.16666666666666666,0.04776902887139108
2022-06-24,NIO,-0.1,0.034486879747828235
2022-06-27,NIO,0.0,0.04108182129407737
2022-06-28,NIO,0.2222222222222222,0.04697839047871124
2022-06-29,NIO,0.2,0.05142523212778391
2022-06-30,NIO,0.4,0.06011586481437393
2022-07-01,NIO,0.4117647058823529,0.06231547273144933
2022-07-05,NIO,-0.3333333333333333,0.027914180125289234
2022-07-06,NIO,-0.5,0.019073408168360794
2022-07-07,NIO,0.25,0.043967112963620096
2022-07-08,NIO,0.0,0.03727669569928719
2022-07-11,NIO,0.16666666666666666,0.04665407747115858
2022-07-12,NIO,0.16666666666666666,0.05011412818617538
2022-07-13,NIO,0.3333333333333333,0.05340496575907604
2022-07-14,NIO,0.0,0.04152549874860173
2022-07-15,NIO,0.3333333333333333,0.055259206292456196
2022-07-18,NIO,0.3333333333333333,0.054321765608443914
2022-07-19,NIO,0.25,0.05544051442110157
2022-07-20,NIO,0.16666666666666666,0.047249097583980874
2022-07-21,NIO,0.5,0.056072015962731356
2022-07-22,NIO,0.0,0.04341505521346075
2022-07-25,NIO,0.5,0.06265471555844067
2022-07-26,NIO,0.5,0.06643872872795088
2022-07-27,NIO,0.0,0.03801998275261779
2022-07-28,NIO,0.5,0.056750854458682276
2022-07-29,NIO,0.0,0.04329536074754442
2022-08-01,NIO,0.16666666666666666,0.04576736327274921
2022-08-02,NIO,0.0,0.03752442384463849
2022-08-03,NIO,0.0,0.039487594872792874
2022-08-04,NIO,0.0,0.039111724084091505
2022-08-05,NIO,0.0,0.0426319887822767
2022-08-08,NIO,0.0,0.03600654664484452
2022-08-09,NIO,0.5,0.05862018960584302
2022-08-10,NIO,0.16666666666666666,0.0467876052364997
2022-08-11,NIO,0.42857142857142855,0.05375960111351648
2022-08-12,NIO,0.16666666666666666,0.042856120580214103
2022-08-15,NIO,0.0,0.03827617027988573
2022-08-16,NIO,-0.2,0.03207205294171724
2022-08-17,NIO,0.2,0.048902791741460123
2022-08-18,NIO,0.0,0.03961343412113673
2022-08-19,NIO,0.25,0.045969037135771176
2022-08-22,NIO,-0.1,0.037475140372035816
2022-08-23,NIO,0.0,0.04059069120148446
2022-08-24,NIO,0.14285714285714285,0.04799961107034508
2022-08-25,NIO,0.2,0.05117289552889853
2022-08-26,NIO,0.4,0.05518995630099031
2022-08-29,NIO,0.0,0.04248269126802812
2022-08-30,NIO,0.2857142857142857,0.055980546126956784
2022-08-31,NIO,0.0,0.042969041402461765
2022-09-01,NIO,0.25,0.053460062643196596
2022-09-02,NIO,0.0,0.041355999602346157
2022-09-06,NIO,0.16666666666666666,0.0474826157231406
2022-09-07,NIO,0.14285714285714285,0.04719314307492823
2022-09-08,NIO,-0.2857142857142857,0.02813291950226373
2022-09-09,NIO,0.1,0.04043216752060593
2022-09-12,NIO,0.08333333333333333,0.04333333333333333
2022-09-13,NIO,0.2,0.04789733728524948
2022-09-14,NIO,0.0,0.04538630527652027
2022-09-15,NIO,0.2,0.04571015059318161
2022-09-16,NIO,0.25,0.04944772668892885
2022-09-19,NIO,0.75,0.06845311692107096
2022-09-20,NIO,0.16666666666666666,0.04996621487649574
2022-09-21,NIO,0.25,0.05057869211071802
2022-09-22,NIO,0.0,0.060132477747878284
2022-09-23,NIO,0.0,0.04480255617684854
2022-09-26,NIO,0.16666666666666666,0.05141941533622405
2022-09-27,NIO,0.2857142857142857,0.05190069550426972
2022-09-28,NIO,0.2,0.05393870601589103
2022-09-29,NIO,0.125,0.04705296570610568
2021-09-30,NOC,0.0,0.040268456375838924
2021-10-01,NOC,0.0,0.0404546720336194
2021-10-04,NOC,0.0,0.04175483266638788
2021-10-05,NOC,0.0,0.038292663754477776
2021-10-06,NOC,0.0,0.03912478010225469
2021-10-07,NOC,0.0,0.03892551375640442
2021-10-08,NOC,0.0,0.03574873744538388
2021-10-11,NOC,0.0,0.03815360542443604
2021-10-12,NOC,0.0,0.039850909743464925
2021-10-13,NOC,0.0,0.04025932353962698
2021-10-14,NOC,0.0,0.038335842280851254
2021-10-15,NOC,0.0,0.03883946484775954
2021-10-18,NOC,0.0,0.04260777589494527
2021-10-19,NOC,0.0,0.03751501524625004
2021-10-20,NOC,0.0,0.0384898729083701
2021-10-21,NOC,0.0,0.042773025219420065
2021-10-22,NOC,0.0,0.039788214178381104
2021-10-25,NOC,0.0,0.03942099830724345
2021-10-26,NOC,0.0,0.035586567815089405
2021-10-27,NOC,0.0,0.03754652011394496
2021-10-28,NOC,0.0,0.04044757560439857
2021-10-29,NOC,0.0,0.039853995204868514
2021-11-01,NOC,0.0,0.037923472602569626
2021-11-02,NOC,0.0,0.04156728758484043
2021-11-03,NOC,0.0,0.03810640480726953
2021-11-04,NOC,0.0,0.04028553544176718
2021-11-05,NOC,0.0,0.03663287240160957
2021-11-08,NOC,0.0,0.03761691671962014
2021-11-09,NOC,0.0,0.039563389598379795
2021-11-10,NOC,0.0,0.0390647226299692
2021-11-11,NOC,0.0,0.03465729019262079
2021-11-12,NOC,0.0,0.03767266638760988
2021-11-15,NOC,0.0,0.037866175530203085
2021-11-16,NOC,0.0,0.03855032381662256
2021-11-17,NOC,0.0,0.03901465538156712
2021-11-18,NOC,0.0,0.0409116750906957
2021-11-19,NOC,0.0,0.03979304274211169
2021-11-22,NOC,0.0,0.03866788657852228
2021-11-23,NOC,0.0,0.03575936368049591
2021-11-24,NOC,0.0,0.038311658572233606
2021-11-26,NOC,0.0,0.04204333697811591
2021-11-29,NOC,0.0,0.03645835706182772
2021-11-30,NOC,0.0,0.03455000447217556
2021-12-01,NOC,0.0,0.03893571805477288
2021-12-02,NOC,0.0,0.04001442606739963
2021-12-03,NOC,0.0,0.043220137734504865
2021-12-06,NOC,0.0,0.03814895360536512
2021-12-07,NOC,0.0,0.03940563691990846
2021-12-08,NOC,0.0,0.038702944221720964
2021-12-09,NOC,0.0,0.04449033649147441
2021-12-10,NOC,0.0,0.04027128283161306
2021-12-13,NOC,0.0,0.037092497072877435
2021-12-14,NOC,0.0,0.038249598732872474
2021-12-15,NOC,0.0,0.03483258163581414
2021-12-16,NOC,0.0,0.039366244198216035
2021-12-17,NOC,0.0,0.03707873958194363
2021-12-20,NOC,0.0,0.0437862202189311
2021-12-21,NOC,0.0,0.038327853452325034
2021-12-22,NOC,0.0,0.04093277102455967
2021-12-23,NOC,0.0,0.03788437884378844
2021-12-27,NOC,0.0,0.04007809261469321
2021-12-28,NOC,0.0,0.04019138755980861
2021-12-29,NOC,0.0,0.03666192174538764
2021-12-30,NOC,0.0,0.03845527841640175
2021-12-31,NOC,0.0,0.039660290724095396
2022-01-03,NOC,0.0,0.03706860917346019
2022-01-04,NOC,0.0,0.03830332714714829
2022-01-05,NOC,0.0,0.042344406104898646
2022-01-06,NOC,0.0,0.041535758027584004
2022-01-07,NOC,0.0,0.040656527631380814
2022-01-10,NOC,0.0,0.04289064371243587
2022-01-11,NOC,0.0,0.0350100438777654
2022-01-12,NOC,0.0,0.0393495803823657
2022-01-13,NOC,0.0,0.03742039171474148
2022-01-14,NOC,0.0,0.0383753302060186
2022-01-18,NOC,0.0,0.04284323271665044
2022-01-19,NOC,0.0,0.03943658416628443
2022-01-20,NOC,0.0,0.04381470214173966
2022-01-21,NOC,0.0,0.03993820880901247
2022-01-24,NOC,0.0,0.04097845759963098
2022-01-25,NOC,0.0,0.03914764891676676
2022-01-26,NOC,0.0,0.0380970869074629
2022-01-27,NOC,0.0,0.04257152176971855
2022-01-28,NOC,0.0,0.03891911244459987
2022-01-31,NOC,0.0,0.03763191454945019
2022-02-01,NOC,0.0,0.03636008757160536
2022-02-02,NOC,0.0,0.042847425831482905
2022-02-03,NOC,0.0,0.040664514451770994
2022-02-04,NOC,0.0,0.03903541839915894
2022-02-07,NOC,0.0,0.04064429271174184
2022-02-08,NOC,0.0,0.040478239003849815
2022-02-09,NOC,0.0,0.03938141954174348
2022-02-10,NOC,0.0,0.041180062981272796
2022-02-11,NOC,0.0,0.04435826522256385
2022-02-14,NOC,0.0,0.03849872774953338
2022-02-15,NOC,0.0,0.03903881700554528
2022-02-16,NOC,0.0,0.04134961913757667
2022-02-17,NOC,0.0,0.04111750459387209
2022-02-18,NOC,0.0,0.04019801339876037
2022-02-22,NOC,0.0,0.040309403381589205
2022-02-23,NOC,0.0,0.042994398592272276
2022-02-24,NOC,0.0,0.04066835933436894
2022-02-25,NOC,1.0,0.07300467768105146
2022-02-28,NOC,1.0,0.07486757343654882
2022-03-01,NOC,0.0,0.04137107677123437
2022-03-02,NOC,0.0,0.04144041154615605
2022-03-03,NOC,0.0,0.042375375198634574
2022-03-04,NOC,0.0,0.04059776044724075
2022-03-07,NOC,0.0,0.044470571663880666
2022-03-08,NOC,0.0,0.042587215390808786
2022-03-09,NOC,0.0,0.041936700776357236
2022-03-10,NOC,0.0,0.04114634393608941
2022-03-11,NOC,0.0,0.04105453813644597
2022-03-14,NOC,0.0,0.04259240273311343
2022-03-15,NOC,0.0,0.037388118886664906
2022-03-16,NOC,0.0,0.03860922546126971
2022-03-17,NOC,0.0,0.03943764834763557
2022-03-18,NOC,0.0,0.038225187042047706
2022-03-21,NOC,0.0,0.03699197438082824
2022-03-22,NOC,0.0,0.0401822140001
2022-03-23,NOC,0.0,0.03922940076330074
2022-03-24,NOC,0.0,0.0393835717185505
2022-03-25,NOC,0.0,0.040969947243063964
2022-03-28,NOC,0.0,0.038330647803325596
2022-03-29,NOC,0.0,0.03588375405615614
2022-03-30,NOC,0.0,0.038937739349428006
2022-03-31,NOC,0.0,0.041880051661098344
2022-04-01,NOC,0.0,0.038143643953734735
2022-04-04,NOC,0.0,0.0382390671931725
2022-04-05,NOC,0.0,0.038390907887549244
2022-04-06,NOC,0.0,0.04273898088949882
2022-04-07,NOC,0.0,0.041331304073072665
2022-04-08,NOC,0.0,0.039445933117280924
2022-04-11,NOC,0.0,0.03898456860825923
2022-04-12,NOC,0.0,0.041206282253291995
2022-04-13,NOC,0.0,0.04054697692397959
2022-04-14,NOC,0.0,0.04033641544545243
2022-04-18,NOC,0.0,0.03952532668421296
2022-04-19,NOC,0.0,0.039848275295438676
2022-04-20,NOC,0.0,0.04360877717140296
2022-04-21,NOC,0.0,0.041778633035635136
2022-04-22,NOC,0.0,0.04160269144205021
2022-04-25,NOC,0.0,0.04592951051346838
2022-04-26,NOC,0.0,0.03998035502947359
2022-04-27,NOC,0.0,0.04495656939885176
2022-04-28,NOC,0.0,0.040314509408532664
2022-04-29,NOC,1.0,0.08357853689391201
2022-05-02,NOC,0.0,0.04792893583723014
2022-05-03,NOC,0.0,0.03828200498604768
2022-05-04,NOC,0.0,0.03628848055213395
2022-05-05,NOC,0.0,0.04258852902196842
2022-05-06,NOC,0.0,0.03883774004904557
2022-05-09,NOC,1.0,0.0767426369171614
2022-05-10,NOC,0.0,0.041719629886211355
2022-05-11,NOC,0.0,0.0398834418214438
2022-05-12,NOC,0.0,0.045810260017411716
2022-05-13,NOC,0.0,0.04186510463794823
2022-05-16,NOC,0.0,0.03804601872686361
2022-05-17,NOC,0.0,0.03897082100712828
2022-05-18,NOC,0.0,0.043679958718115745
2022-05-19,NOC,0.0,0.04451720774696949
2022-05-20,NOC,0.0,0.041321238889123785
2022-05-23,NOC,0.0,0.03817468673420276
2022-05-24,NOC,0.0,0.047003586080773804
2022-05-25,NOC,0.0,0.041061884010048316
2022-05-26,NOC,1.0,0.07791845243269394
2022-05-27,NOC,0.0,0.03662066420881741
2022-05-31,NOC,0.0,0.04241729042137388
2022-06-01,NOC,0.0,0.03900910828885103
2022-06-02,NOC,0.0,0.039586427510567804
2022-06-03,NOC,0.0,0.03988797205371209
2022-06-06,NOC,0.0,0.03642592097493045
2022-06-07,NOC,0.0,0.043535502610832735
2022-06-08,NOC,0.0,0.042900403768506054
2022-06-09,NOC,0.0,0.039996669546121584
2022-06-10,NOC,0.0,0.04664119227861339
2022-06-13,NOC,0.0,0.04454348637172364
2022-06-14,NOC,0.0,0.04193920803522313
2022-06-15,NOC,0.0,0.04185521899248509
2022-06-16,NOC,0.0,0.04187750270598836
2022-06-17,NOC,0.0,0.041723308585172016
2022-06-21,NOC,0.0,0.039089105392519766
2022-06-22,NOC,0.0,0.035625771161087935
2022-06-23,NOC,0.0,0.04094488188976378
2022-06-24,NOC,0.0,0.0383187552753647
2022-06-27,NOC,0.0,0.04108182129407737
2022-06-28,NOC,0.0,0.03843686493712738
2022-06-29,NOC,0.0,0.04285436010648659
2022-06-30,NOC,0.0,0.04293990343883852
2022-07-01,NOC,0.0,0.044140126518109946
2022-07-05,NOC,0.0,0.041871270187933844
2022-07-06,NOC,0.0,0.03814681633672159
2022-07-07,NOC,0.0,0.03517369037089608
2022-07-08,NOC,0.0,0.03727669569928719
2022-07-11,NOC,0.0,0.03998920926099307
2022-07-12,NOC,0.0,0.04295496701672175
2022-07-13,NOC,0.0,0.04005372431930703
2022-07-14,NOC,0.0,0.04152549874860173
2022-07-15,NOC,0.0,0.04144440471934215
2022-07-18,NOC,0.0,0.04074132420633294
2022-07-19,NOC,0.0,0.04435241153688125
2022-07-20,NOC,0.0,0.040499226500555034
2022-07-21,NOC,0.0,0.03738134397515424
2022-07-22,NOC,0.0,0.04341505521346075
2022-07-25,NOC,0.0,0.041769810372293784
2022-07-26,NOC,0.0,0.04429248581863393
2022-07-27,NOC,0.0,0.03801998275261779
2022-07-28,NOC,0.0,0.037833902972454855
2022-07-29,NOC,0.0,0.04329536074754442
2022-08-01,NOC,0.0,0.03922916851949932
2022-08-02,NOC,0.0,0.03752442384463849
2022-08-03,NOC,0.0,0.039487594872792874
2022-08-04,NOC,0.0,0.039111724084091505
2022-08-05,NOC,0.0,0.0426319887822767
2022-08-08,NOC,0.0,0.03600654664484452
2022-08-09,NOC,0.0,0.03908012640389535
2022-08-10,NOC,0.0,0.04010366163128545
2022-08-11,NOC,0.0,0.03763172077946153
2022-08-12,NOC,0.0,0.03673381764018351
2022-08-15,NOC,0.0,0.03827617027988573
2022-08-16,NOC,0.0,0.04009006617714655
2022-08-17,NOC,-1.0,0.0
2022-08-18,NOC,0.0,0.03961343412113673
2022-08-19,NOC,1.0,0.07355045941723388
2022-08-22,NOC,0.0,0.041639044857817574
2022-08-23,NOC,0.0,0.04059069120148446
2022-08-24,NOC,0.0,0.04199965968655195
2022-08-25,NOC,0.0,0.042644079607415446
2022-08-26,NOC,0.0,0.039421397357850226
2022-08-29,NOC,0.0,0.04248269126802812
2022-08-30,NOC,0.0,0.04354042476541083
2022-08-31,NOC,0.0,0.042969041402461765
2022-09-01,NOC,0.0,0.042768050114557275
2022-09-02,NOC,0.0,0.041355999602346157
2022-09-06,NOC,0.0,0.040699384905549085
2022-09-07,NOC,0.0,0.0412940001905622
2022-09-08,NOC,0.0,0.03938608730316922
2022-09-09,NOC,0.0,0.03675651592782357
2022-09-12,NOC,0.0,0.04
2022-09-13,NOC,0.0,0.0399144477377079
2022-09-14,NOC,0.0,0.04538630527652027
2022-09-15,NOC,0.0,0.038091792160984676
2022-09-16,NOC,0.0,0.03955818135114308
2022-09-19,NOC,0.0,0.03911606681204055
2022-09-20,NOC,0.0,0.04282818417985349
2022-09-21,NOC,0.0,0.040462953688574416
2022-09-22,NOC,0.0,0.060132477747878284
2022-09-23,NOC,0.0,0.04480255617684854
2022-09-26,NOC,0.0,0.04407378457390633
2022-09-27,NOC,0.0,0.040367207614432
2022-09-28,NOC,0.0,0.044948921679909194
2022-09-29,NOC,0.0,0.041824858405427275
2021-09-30,PG,-0.2,0.03221476510067114
2021-10-01,PG,0.0,0.0404546720336194
2021-10-04,PG,-0.16666666666666666,0.03479569388865657
2021-10-05,PG,0.0,0.038292663754477776
2021-10-06,PG,-0.14285714285714285,0.03353552580193259
2021-10-07,PG,0.0,0.03892551375640442
2021-10-08,PG,0.25,0.044685921806729846
2021-10-11,PG,0.0,0.03815360542443604
2021-10-12,PG,-0.14285714285714285,0.03415792263725565
2021-10-13,PG,-0.25,0.030194492654720233
2021-10-14,PG,-0.1111111111111111,0.034076304249645556
2021-10-15,PG,0.0,0.03883946484775954
2021-10-18,PG,0.0,0.04260777589494527
2021-10-19,PG,0.25,0.04689376905781255
2021-10-20,PG,0.0,0.0384898729083701
2021-10-21,PG,-0.5,0.021386512609710032
2021-10-22,PG,-0.16666666666666666,0.03315684514865092
2021-10-25,PG,0.07142857142857142,0.04223678390061798
2021-10-26,PG,0.125,0.04003488879197557
2021-10-27,PG,0.0,0.03754652011394496
2021-10-28,PG,-0.25,0.03033568170329893
2021-10-29,PG,-0.25,0.029890496403651382
2021-11-01,PG,0.09090909090909091,0.04137106102098504
2021-11-02,PG,0.14285714285714285,0.04750547152553192
2021-11-03,PG,0.0,0.03810640480726953
2021-11-04,PG,0.0,0.04028553544176718
2021-11-05,PG,0.0,0.03663287240160957
2021-11-08,PG,0.14285714285714285,0.042990761965280164
2021-11-09,PG,0.0,0.039563389598379795
2021-11-10,PG,0.0,0.0390647226299692
2021-11-11,PG,0.5,0.051985935288931175
2021-11-12,PG,0.1,0.041439933026370876
2021-11-15,PG,0.0,0.037866175530203085
2021-11-16,PG,0.07142857142857142,0.04130391837495274
2021-11-17,PG,0.0,0.03901465538156712
2021-11-18,PG,-0.1111111111111111,0.03636593341395174
2021-11-19,PG,-0.05263157894736842,0.03769867207147423
2021-11-22,PG,0.0,0.03866788657852228
2021-11-23,PG,0.14285714285714285,0.04086784420628104
2021-11-24,PG,0.25,0.047889573215292004
2021-11-26,PG,-0.16666666666666666,0.03503611414842992
2021-11-29,PG,0.2,0.04375002847419327
2021-11-30,PG,0.4,0.04837000626104578
2021-12-01,PG,0.0,0.03893571805477288
2021-12-02,PG,-0.25,0.03001081955054972
2021-12-03,PG,0.0,0.043220137734504865
2021-12-06,PG,0.0,0.03814895360536512
2021-12-07,PG,0.09090909090909091,0.04298796754899104
2021-12-08,PG,0.25,0.048378680277151205
2021-12-09,PG,-0.14285714285714285,0.03813457413554949
2021-12-10,PG,-0.14285714285714285,0.03451824242709691
2021-12-13,PG,0.375,0.05100218347520648
2021-12-14,PG,0.5,0.0573743980993087
2021-12-15,PG,0.3333333333333333,0.046443442181085516
2021-12-16,PG,0.15384615384615385,0.04542258945948004
2021-12-17,PG,0.0,0.03707873958194363
2021-12-20,PG,-0.2222222222222222,0.03405594905916864
2021-12-21,PG,0.125,0.04311883513386566
2021-12-22,PG,-0.2857142857142857,0.02923769358897119
2021-12-23,PG,0.0,0.03788437884378844
2021-12-27,PG,-0.09090909090909091,0.03643462964972109
2021-12-28,PG,-0.08333333333333333,0.03684210526315789
2021-12-29,PG,0.0,0.03666192174538764
2021-12-30,PG,0.0,0.03845527841640175
2021-12-31,PG,0.0,0.039660290724095396
2022-01-03,PG,0.125,0.041702185320142714
2022-01-04,PG,0.36363636363636365,0.05223180974611131
2022-01-05,PG,0.07692307692307693,0.045601668112967765
2022-01-06,PG,-0.4,0.024921454816550403
2022-01-07,PG,0.0,0.040656527631380814
2022-01-10,PG,0.09090909090909091,0.04678979314083913
2022-01-11,PG,0.16666666666666666,0.0408450511907263
2022-01-12,PG,0.07692307692307693,0.042376471181009207
2022-01-13,PG,0.2,0.04490447005768978
2022-01-14,PG,0.1111111111111111,0.042639255784465105
2022-01-18,PG,0.0,0.04284323271665044
2022-01-19,PG,-0.1,0.035492925749655985
2022-01-20,PG,-0.2857142857142857,0.03129621581552833
2022-01-21,PG,-0.25,0.029953656606759353
2022-01-24,PG,-0.1,0.036880611839667884
2022-01-25,PG,-0.0625,0.036700920859468834
2022-01-26,PG,0.06666666666666667,0.04063689270129376
2022-01-27,PG,0.15384615384615385,0.04912098665736755
2022-01-28,PG,0.0,0.03891911244459987
2022-01-31,PG,0.13333333333333333,0.042649503156043544
2022-02-01,PG,0.0,0.03636008757160536
2022-02-02,PG,-0.36,0.02742235253214906
2022-02-03,PG,0.013215859030837005,0.041201930942323044
2022-02-04,PG,-0.02,0.03825471003117576
2022-02-07,PG,0.15789473684210525,0.047061812613595815
2022-02-08,PG,-0.09090909090909091,0.03679839909440892
2022-02-09,PG,0.0,0.03938141954174348
2022-02-10,PG,-0.3333333333333333,0.027453375320848534
2022-02-11,PG,-0.36363636363636365,0.02822798695981336
2022-02-14,PG,0.0,0.03849872774953338
2022-02-15,PG,-0.08333333333333333,0.03578558225508318
2022-02-16,PG,0.0,0.04134961913757667
2022-02-17,PG,0.15384615384615385,0.04744327453139087
2022-02-18,PG,0.15384615384615385,0.046382323152415805
2022-02-22,PG,0.2,0.04837128405790704
2022-02-23,PG,-0.2857142857142857,0.03071028470876591
2022-02-24,PG,-0.2,0.03253468746749515
2022-02-25,PG,0.0,0.03650233884052573
2022-02-28,PG,-0.16666666666666666,0.031194822265228676
2022-03-01,PG,0.5,0.06205661515685155
2022-03-02,PG,-0.6,0.016576164618462418
2022-03-03,PG,0.0,0.042375375198634574
2022-03-04,PG,-0.15384615384615385,0.03435195114766525
2022-03-07,PG,-0.15384615384615385,0.03762894525405287
2022-03-08,PG,-0.08333333333333333,0.039038280774908056
2022-03-09,PG,0.09375,0.04586826647414073
2022-03-10,PG,0.03333333333333333,0.042517888733959064
2022-03-11,PG,0.0,0.04105453813644597
2022-03-14,PG,0.0,0.04259240273311343
2022-03-15,PG,0.4,0.05234336644133086
2022-03-16,PG,0.0,0.03860922546126971
2022-03-17,PG,0.0,0.03943764834763557
2022-03-18,PG,0.0,0.038225187042047706
2022-03-21,PG,0.6666666666666666,0.06165329063471373
2022-03-22,PG,0.0,0.0401822140001
2022-03-23,PG,0.0,0.03922940076330074
2022-03-24,PG,0.0,0.0393835717185505
2022-03-25,PG,0.0,0.040969947243063964
2022-03-28,PG,0.14285714285714285,0.04380645463237211
2022-03-29,PG,0.0625,0.0381264886846659
2022-03-30,PG,0.0,0.038937739349428006
2022-03-31,PG,0.0,0.041880051661098344
2022-04-01,PG,-0.07692307692307693,0.03520951749575514
2022-04-04,PG,0.25,0.04779883399146563
2022-04-05,PG,0.09090909090909091,0.041880990422780984
2022-04-06,PG,-0.25,0.032054235667124106
2022-04-07,PG,0.0,0.041331304073072665
2022-04-08,PG,-0.1111111111111111,0.035063051659805264
2022-04-11,PG,0.25,0.048730710760324036
2022-04-12,PG,-0.125,0.0360554969716305
2022-04-13,PG,0.16666666666666666,0.047304806411309526
2022-04-14,PG,0.08333333333333333,0.04369778339924013
2022-04-18,PG,0.0,0.03952532668421296
2022-04-19,PG,0.0,0.039848275295438676
2022-04-20,PG,-0.045454545454545456,0.04162656002724828
2022-04-21,PG,0.07142857142857142,0.04476282110960907
2022-04-22,PG,-0.0625,0.039002523226922076
2022-04-25,PG,-0.2,0.0367436084107747
2022-04-26,PG,-0.14285714285714285,0.034268875739548794
2022-04-27,PG,-0.46153846153846156,0.024207383522458638
2022-04-28,PG,-0.2743362831858407,0.02925477673893521
2022-04-29,PG,-0.37037037037037035,0.026311761614750077
2022-05-02,PG,-0.3333333333333333,0.031952623891486766
2022-05-03,PG,0.0,0.03828200498604768
2022-05-04,PG,0.125,0.04082454062115069
2022-05-05,PG,-0.23076923076923078,0.03276040693997571
2022-05-06,PG,-0.26666666666666666,0.028481009369300085
2022-05-09,PG,-0.21052631578947367,0.03029314615151108
2022-05-10,PG,-0.09090909090909091,0.03792693626019214
2022-05-11,PG,-0.10714285714285714,0.0356102159120034
2022-05-12,PG,-0.3,0.0320671820121882
2022-05-13,PG,0.0,0.04186510463794823
2022-05-16,PG,0.0,0.03804601872686361
2022-05-17,PG,0.0,0.03897082100712828
2022-05-18,PG,-0.3157894736842105,0.02988628754397393
2022-05-19,PG,-0.5333333333333333,0.02077469694858576
2022-05-20,PG,-0.2727272727272727,0.03005181010118093
2022-05-23,PG,-0.5,0.01908734336710138
2022-05-24,PG,-0.23529411764705882,0.03594391876765055
2022-05-25,PG,0.0,0.041061884010048316
2022-05-26,PG,-0.08333333333333333,0.03571262403165138
2022-05-27,PG,0.08695652173913043,0.03980506979219284
2022-05-31,PG,-0.11764705882352941,0.03742702096003577
2022-06-01,PG,-0.10526315789473684,0.03490288636370882
2022-06-02,PG,-0.047619047619047616,0.037701359533874094
2022-06-03,PG,-0.23809523809523808,0.030390835850447308
2022-06-06,PG,0.07317073170731707,0.03909123226577902
2022-06-07,PG,-0.09090909090909091,0.039577729646211576
2022-06-08,PG,-0.08333333333333333,0.03932537012113055
2022-06-09,PG,0.0,0.039996669546121584
2022-06-10,PG,-0.07142857142857142,0.043309678544426716
2022-06-13,PG,-0.2,0.03563478909737891
2022-06-14,PG,-0.2,0.033551366428178506
2022-06-15,PG,0.2,0.05022626279098211
2022-06-16,PG,0.09090909090909091,0.04568454840653276
2022-06-17,PG,0.0,0.041723308585172016
2022-06-21,PG,0.0,0.039089105392519766
2022-06-22,PG,0.3333333333333333,0.04750102821478391
2022-06-23,PG,0.375,0.0562992125984252
2022-06-24,PG,0.25,0.04789844409420588
2022-06-27,PG,0.2,0.049298185552892844
2022-06-28,PG,-0.14285714285714285,0.032945884231823465
2022-06-29,PG,-0.1111111111111111,0.03809276453909919
2022-06-30,PG,-0.3333333333333333,0.02862660229255902
2022-07-01,PG,-0.3333333333333333,0.0294267510120733
2022-07-05,PG,-0.1111111111111111,0.03721890683371897
2022-07-06,PG,0.4,0.053405542871410215
2022-07-07,PG,0.0,0.03517369037089608
2022-07-08,PG,-0.09090909090909091,0.03388790518117017
2022-07-11,PG,0.125,0.0449878604186172
2022-07-12,PG,-0.3,0.030068476911705222
2022-07-13,PG,0.0,0.04005372431930703
2022-07-14,PG,0.16666666666666666,0.04844641520670202
2022-07-15,PG,-0.07142857142857142,0.038484090096531996
2022-07-18,PG,-0.1,0.036667191785699646
2022-07-19,PG,-0.25,0.03326430865266094
2022-07-20,PG,0.2222222222222222,0.04949905461178949
2022-07-21,PG,0.25,0.0467266799689428
2022-07-22,PG,-0.08333333333333333,0.03979713394567235
2022-07-25,PG,-0.18181818181818182,0.03417529939551309
2022-07-26,PG,-0.47368421052631576,0.02331183464138628
2022-07-27,PG,0.15384615384615385,0.04386921086840514
2022-07-28,PG,0.13402061855670103,0.04290442605123746
2022-07-29,PG,0.15384615384615385,0.04995618547793586
2022-08-01,PG,0.18181818181818182,0.04636174461395375
2022-08-02,PG,0.0,0.03752442384463849
2022-08-03,PG,0.14285714285714285,0.04512867985462043
2022-08-04,PG,-0.125,0.03422275857358007
2022-08-05,PG,0.06666666666666667,0.045474121367761806
2022-08-08,PG,0.1111111111111111,0.04000727404982724
2022-08-09,PG,-0.1,0.03517211376350582
2022-08-10,PG,-0.23076923076923078,0.030848970485604192
2022-08-11,PG,0.2222222222222222,0.04599432539711965
2022-08-12,PG,0.13333333333333333,0.04163165999220798
2022-08-15,PG,0.14285714285714285,0.043744194605583694
2022-08-16,PG,0.06666666666666667,0.04276273725562298
2022-08-17,PG,-0.125,0.03565828564481467
2022-08-18,PG,0.0,0.03961343412113673
2022-08-19,PG,0.3333333333333333,0.04903363961148925
2022-08-22,PG,0.125,0.04684392546504477
2022-08-23,PG,-0.08333333333333333,0.03720813360136076
2022-08-24,PG,-0.2727272727272727,0.030545207044765054
2022-08-25,PG,0.25,0.05330509950926931
2022-08-26,PG,0.125,0.044349072027581496
2022-08-29,PG,-0.25,0.03186201845102108
2022-08-30,PG,-0.3333333333333333,0.02902694984360723
2022-08-31,PG,0.0,0.042969041402461765
2022-09-01,PG,-0.125,0.03742204385023762
2022-09-02,PG,-0.375,0.025847499751466347
2022-09-06,PG,-0.4,0.024419630943329454
2022-09-07,PG,0.0,0.0412940001905622
2022-09-08,PG,0.0,0.03938608730316922
2022-09-09,PG,0.0,0.03675651592782357
2022-09-12,PG,0.0,0.04
2022-09-13,PG,0.14285714285714285,0.0456165117002376
2022-09-14,PG,-0.4444444444444444,0.025214614042511258
2022-09-15,PG,0.2,0.04571015059318161
2022-09-16,PG,-0.1111111111111111,0.03516282786768274
2022-09-19,PG,0.1,0.04302767349324461
2022-09-20,PG,-0.25,0.03212113813489011
2022-09-21,PG,-0.16666666666666666,0.033719128073812006
2022-09-22,PG,-0.42857142857142855,0.034361415855930444
2022-09-23,PG,0.0,0.04480255617684854
2022-09-26,PG,-0.2857142857142857,0.031481274695647384
2022-09-27,PG,-0.4,0.0242203245686592
2022-09-28,PG,0.1,0.049443813847900114
2022-09-29,PG,0.0,0.041824858405427275
2021-09-30,PYPL,0.0,0.040268456375838924
2021-10-01,PYPL,0.0,0.0404546720336194
2021-10-04,PYPL,0.0,0.04175483266638788
2021-10-05,PYPL,0.5,0.05743899563171666
2021-10-06,PYPL,0.0,0.03912478010225469
2021-10-07,PYPL,0.0,0.03892551375640442
2021-10-08,PYPL,1.0,0.07149747489076776
2021-10-11,PYPL,1.0,0.07630721084887208
2021-10-12,PYPL,0.0,0.039850909743464925
2021-10-13,PYPL,0.0,0.04025932353962698
2021-10-14,PYPL,0.0,0.038335842280851254
2021-10-15,PYPL,0.5,0.05825919727163931
2021-10-18,PYPL,-1.0,0.0
2021-10-19,PYPL,0.0,0.03751501524625004
2021-10-20,PYPL,-0.043478260869565216,0.03681640017322359
2021-10-21,PYPL,0.0,0.042773025219420065
2021-10-22,PYPL,0.0,0.039788214178381104
2021-10-25,PYPL,-0.2857142857142857,0.028157855933745327
2021-10-26,PYPL,0.0,0.035586567815089405
2021-10-27,PYPL,0.0,0.03754652011394496
2021-10-28,PYPL,0.0,0.04044757560439857
2021-10-29,PYPL,0.0,0.039853995204868514
2021-11-01,PYPL,0.0,0.037923472602569626
2021-11-02,PYPL,0.0,0.04156728758484043
2021-11-03,PYPL,0.0,0.03810640480726953
2021-11-04,PYPL,-0.3333333333333333,0.02685702362784479
2021-11-05,PYPL,0.0,0.03663287240160957
2021-11-08,PYPL,0.2,0.04514030006354417
2021-11-09,PYPL,0.0,0.039563389598379795
2021-11-10,PYPL,0.0,0.0390647226299692
2021-11-11,PYPL,0.0,0.03465729019262079
2021-11-12,PYPL,0.3333333333333333,0.05023022185014651
2021-11-15,PYPL,0.5,0.056799263295304624
2021-11-16,PYPL,0.25,0.048187904770778195
2021-11-17,PYPL,0.0,0.03901465538156712
2021-11-18,PYPL,-0.4,0.024547005054417422
2021-11-19,PYPL,-0.3333333333333333,0.0265286951614078
2021-11-22,PYPL,-0.16666666666666666,0.03222323881543523
2021-11-23,PYPL,0.5,0.05363904552074386
2021-11-24,PYPL,-0.3333333333333333,0.025541105714822408
2021-11-26,PYPL,0.0,0.04204333697811591
2021-11-29,PYPL,0.0,0.03645835706182772
2021-11-30,PYPL,0.2,0.041460005366610674
2021-12-01,PYPL,0.5,0.058403577082159326
2021-12-02,PYPL,-0.4,0.024008655640439778
2021-12-03,PYPL,-0.3333333333333333,0.028813425156336583
2021-12-06,PYPL,0.0,0.03814895360536512
2021-12-07,PYPL,0.0,0.03940563691990846
2021-12-08,PYPL,0.0,0.038702944221720964
2021-12-09,PYPL,-0.25,0.033367752368605806
2021-12-10,PYPL,-0.3333333333333333,0.026847521887742042
2021-12-13,PYPL,0.0,0.037092497072877435
2021-12-14,PYPL,-0.25,0.02868719904965435
2021-12-15,PYPL,0.2,0.04179909796297697
2021-12-16,PYPL,0.0,0.039366244198216035
2021-12-17,PYPL,0.0,0.03707873958194363
2021-12-20,PYPL,0.3333333333333333,0.058381626958574795
2021-12-21,PYPL,0.0,0.038327853452325034
2021-12-22,PYPL,0.0,0.04093277102455967
2021-12-23,PYPL,0.16666666666666666,0.04419844198441985
2021-12-27,PYPL,0.0,0.04007809261469321
2021-12-28,PYPL,-0.25,0.03014354066985646
2021-12-29,PYPL,0.16666666666666666,0.04277224203628558
2021-12-30,PYPL,0.0,0.03845527841640175
2021-12-31,PYPL,0.0,0.039660290724095396
2022-01-03,PYPL,0.25,0.04633576146682524
2022-01-04,PYPL,0.0,0.03830332714714829
2022-01-05,PYPL,0.0,0.042344406104898646
2022-01-06,PYPL,0.0,0.041535758027584004
2022-01-07,PYPL,-0.2,0.032525222105104654
2022-01-10,PYPL,-0.14285714285714285,0.036763408896373605
2022-01-11,PYPL,0.0,0.0350100438777654
2022-01-12,PYPL,0.0,0.0393495803823657
2022-01-13,PYPL,0.0,0.03742039171474148
2022-01-14,PYPL,0.0,0.0383753302060186
2022-01-18,PYPL,-0.16666666666666666,0.03570269393054203
2022-01-19,PYPL,0.25,0.049295730207855534
2022-01-20,PYPL,0.0,0.04381470214173966
2022-01-21,PYPL,0.2,0.047925850570814964
2022-01-24,PYPL,0.0,0.04097845759963098
2022-01-25,PYPL,0.3333333333333333,0.05219686522235568
2022-01-26,PYPL,0.0,0.0380970869074629
2022-01-27,PYPL,0.0,0.04257152176971855
2022-01-28,PYPL,0.0,0.03891911244459987
2022-01-31,PYPL,0.14285714285714285,0.04300790234222879
2022-02-01,PYPL,-0.15151515151515152,0.030850983394089395
2022-02-02,PYPL,-0.075,0.039633868894121696
2022-02-03,PYPL,-0.3888888888888889,0.02485053660941561
2022-02-04,PYPL,0.0,0.03903541839915894
2022-02-07,PYPL,-1.0,0.0
2022-02-08,PYPL,-0.4,0.02428694340230989
2022-02-09,PYPL,-0.2,0.031505135633394785
2022-02-10,PYPL,0.0,0.041180062981272796
2022-02-11,PYPL,0.0,0.04435826522256385
2022-02-14,PYPL,0.0,0.03849872774953338
2022-02-15,PYPL,0.0,0.03903881700554528
2022-02-16,PYPL,-0.375,0.02584351196098542
2022-02-17,PYPL,-0.4,0.024670502756323254
2022-02-18,PYPL,-0.4,0.024118808039256222
2022-02-22,PYPL,-1.0,0.0
2022-02-23,PYPL,0.0,0.042994398592272276
2022-02-24,PYPL,-0.6666666666666666,0.013556119778122983
2022-02-25,PYPL,0.0,0.03650233884052573
2022-02-28,PYPL,0.3333333333333333,0.04991171562436588
2022-03-01,PYPL,0.0,0.04137107677123437
2022-03-02,PYPL,0.0,0.04144041154615605
2022-03-03,PYPL,0.0,0.042375375198634574
2022-03-04,PYPL,0.0,0.04059776044724075
2022-03-07,PYPL,-1.0,0.0
2022-03-08,PYPL,-0.6666666666666666,0.014195738463602931
2022-03-09,PYPL,-0.3333333333333333,0.027957800517571494
2022-03-10,PYPL,0.0,0.04114634393608941
2022-03-11,PYPL,0.0,0.04105453813644597
2022-03-14,PYPL,-0.5,0.021296201366556716
2022-03-15,PYPL,0.0,0.037388118886664906
2022-03-16,PYPL,0.0,0.03860922546126971
2022-03-17,PYPL,0.0,0.03943764834763557
2022-03-18,PYPL,-0.3333333333333333,0.025483458028031807
2022-03-21,PYPL,1.0,0.07398394876165648
2022-03-22,PYPL,0.0,0.0401822140001
2022-03-23,PYPL,0.0,0.03922940076330074
2022-03-24,PYPL,0.0,0.0393835717185505
2022-03-25,PYPL,0.0,0.040969947243063964
2022-03-28,PYPL,0.3333333333333333,0.05110753040443412
2022-03-29,PYPL,0.25,0.04485469257019518
2022-03-30,PYPL,0.2,0.046725287219313606
2022-03-31,PYPL,-1.0,0.0
2022-04-01,PYPL,0.0,0.038143643953734735
2022-04-04,PYPL,0.0,0.0382390671931725
2022-04-05,PYPL,0.6666666666666666,0.06398484647924874
2022-04-06,PYPL,1.0,0.08547796177899764
2022-04-07,PYPL,0.0,0.041331304073072665
2022-04-08,PYPL,0.0,0.039445933117280924
2022-04-11,PYPL,-0.5,0.019492284304129616
2022-04-12,PYPL,0.0,0.041206282253291995
2022-04-13,PYPL,-0.5,0.020273488461989796
2022-04-14,PYPL,0.0,0.04033641544545243
2022-04-18,PYPL,0.0,0.03952532668421296
2022-04-19,PYPL,0.0,0.039848275295438676
2022-04-20,PYPL,0.0,0.04360877717140296
2022-04-21,PYPL,-0.25,0.03133397477672635
2022-04-22,PYPL,-0.16666666666666666,0.03466890953504184
2022-04-25,PYPL,-0.3333333333333333,0.030619673675645588
2022-04-26,PYPL,0.0,0.03998035502947359
2022-04-27,PYPL,0.0,0.04495656939885176
2022-04-28,PYPL,0.0,0.040314509408532664
2022-04-29,PYPL,0.0,0.041789268446956004
2022-05-02,PYPL,0.0,0.04792893583723014
2022-05-03,PYPL,1.0,0.07656400997209536
2022-05-04,PYPL,0.0,0.03628848055213395
2022-05-05,PYPL,0.0,0.04258852902196842
2022-05-06,PYPL,0.0,0.03883774004904557
2022-05-09,PYPL,0.0,0.0383713184585807
2022-05-10,PYPL,0.0,0.041719629886211355
2022-05-11,PYPL,0.0,0.0398834418214438
2022-05-12,PYPL,0.25,0.05726282502176465
2022-05-13,PYPL,0.0,0.04186510463794823
2022-05-16,PYPL,0.0,0.03804601872686361
2022-05-17,PYPL,0.0,0.03897082100712828
2022-05-18,PYPL,0.0,0.043679958718115745
2022-05-19,PYPL,0.3333333333333333,0.05935627699595931
2022-05-20,PYPL,0.0,0.041321238889123785
2022-05-23,PYPL,1.0,0.07634937346840552
2022-05-24,PYPL,-1.0,0.0
2022-05-25,PYPL,0.0,0.041061884010048316
2022-05-26,PYPL,-1.0,0.0
2022-05-27,PYPL,0.0,0.03662066420881741
2022-05-31,PYPL,0.0,0.04241729042137388
2022-06-01,PYPL,0.0,0.03900910828885103
2022-06-02,PYPL,0.0,0.039586427510567804
2022-06-03,PYPL,0.0,0.03988797205371209
2022-06-06,PYPL,0.0,0.03642592097493045
2022-06-07,PYPL,0.0,0.043535502610832735
2022-06-08,PYPL,0.0,0.042900403768506054
2022-06-09,PYPL,0.0,0.039996669546121584
2022-06-10,PYPL,-1.0,0.0
2022-06-13,PYPL,-0.5,0.02227174318586182
2022-06-14,PYPL,0.0,0.04193920803522313
2022-06-15,PYPL,0.0,0.04185521899248509
2022-06-16,PYPL,0.0,0.04187750270598836
2022-06-17,PYPL,0.0,0.041723308585172016
2022-06-21,PYPL,0.0,0.039089105392519766
2022-06-22,PYPL,0.0,0.035625771161087935
2022-06-23,PYPL,-0.5,0.02047244094488189
2022-06-24,PYPL,0.0,0.0383187552753647
2022-06-27,PYPL,0.0,0.04108182129407737
2022-06-28,PYPL,0.0,0.03843686493712738
2022-06-29,PYPL,0.0,0.04285436010648659
2022-06-30,PYPL,0.0,0.04293990343883852
2022-07-01,PYPL,-1.0,0.0
2022-07-05,PYPL,0.0,0.041871270187933844
2022-07-06,PYPL,0.0,0.03814681633672159
2022-07-07,PYPL,0.0,0.03517369037089608
2022-07-08,PYPL,0.0,0.03727669569928719
2022-07-11,PYPL,0.0,0.03998920926099307
2022-07-12,PYPL,0.0,0.04295496701672175
2022-07-13,PYPL,0.0,0.04005372431930703
2022-07-14,PYPL,-1.0,0.0
2022-07-15,PYPL,-1.0,0.0
2022-07-18,PYPL,0.0,0.04074132420633294
2022-07-19,PYPL,0.0,0.04435241153688125
2022-07-20,PYPL,-1.0,0.0
2022-07-21,PYPL,0.0,0.03738134397515424
2022-07-22,PYPL,0.0,0.04341505521346075
2022-07-25,PYPL,0.0,0.041769810372293784
2022-07-26,PYPL,0.2,0.05315098298236071
2022-07-27,PYPL,-0.3333333333333333,0.025346655168411864
2022-07-28,PYPL,0.0,0.037833902972454855
2022-07-29,PYPL,-1.0,0.0
2022-08-01,PYPL,0.0,0.03922916851949932
2022-08-02,PYPL,0.26666666666666666,0.047530936869875424
2022-08-03,PYPL,0.0,0.039487594872792874
2022-08-04,PYPL,0.0,0.039111724084091505
2022-08-05,PYPL,0.0,0.0426319887822767
2022-08-08,PYPL,1.0,0.07201309328968904
2022-08-09,PYPL,0.0,0.03908012640389535
2022-08-10,PYPL,0.0,0.04010366163128545
2022-08-11,PYPL,0.0,0.03763172077946153
2022-08-12,PYPL,0.0,0.03673381764018351
2022-08-15,PYPL,0.0,0.03827617027988573
2022-08-16,PYPL,1.0,0.0801801323542931
2022-08-17,PYPL,0.0,0.04075232645121677
2022-08-18,PYPL,0.0,0.03961343412113673
2022-08-19,PYPL,0.0,0.03677522970861694
2022-08-22,PYPL,-1.0,0.0
2022-08-23,PYPL,0.0,0.04059069120148446
2022-08-24,PYPL,0.0,0.04199965968655195
2022-08-25,PYPL,0.0,0.042644079607415446
2022-08-26,PYPL,0.0,0.039421397357850226
2022-08-29,PYPL,0.0,0.04248269126802812
2022-08-30,PYPL,0.0,0.04354042476541083
2022-08-31,PYPL,0.0,0.042969041402461765
2022-09-01,PYPL,0.0,0.042768050114557275
2022-09-02,PYPL,0.0,0.041355999602346157
2022-09-06,PYPL,0.0,0.040699384905549085
2022-09-07,PYPL,0.0,0.0412940001905622
2022-09-08,PYPL,0.0,0.03938608730316922
2022-09-09,PYPL,0.0,0.03675651592782357
2022-09-12,PYPL,0.0,0.04
2022-09-13,PYPL,0.5,0.05987167160656185
2022-09-14,PYPL,0.0,0.04538630527652027
2022-09-15,PYPL,0.0,0.038091792160984676
2022-09-16,PYPL,0.0,0.03955818135114308
2022-09-19,PYPL,0.0,0.03911606681204055
2022-09-20,PYPL,-1.0,0.0
2022-09-21,PYPL,0.0,0.040462953688574416
2022-09-22,PYPL,-1.0,0.0
2022-09-23,PYPL,0.0,0.04480255617684854
2022-09-26,PYPL,0.0,0.04407378457390633
2022-09-27,PYPL,0.0,0.040367207614432
2022-09-28,PYPL,-0.5,0.022474460839954597
2022-09-29,PYPL,-1.0,0.0
2021-09-30,TSLA,-0.03333333333333333,0.038926174496644296
2021-10-01,TSLA,0.0425531914893617,0.04217614743930534
2021-10-04,TSLA,0.01680672268907563,0.042456594559940615
2021-10-05,TSLA,0.022727272727272728,0.03916295156707954
2021-10-06,TSLA,0.01282051282051282,0.03962637984715539
2021-10-07,TSLA,0.08759124087591241,0.04233504780806028
2021-10-08,TSLA,0.044444444444444446,0.03733757022073427
2021-10-11,TSLA,-0.042105263157894736,0.03654713782761768
2021-10-12,TSLA,0.034782608695652174,0.04123702834323762
2021-10-13,TSLA,0.011494252873563218,0.04072207438491005
2021-10-14,TSLA,0.18691588785046728,0.045501420277272046
2021-10-15,TSLA,0.11971830985915492,0.04348925993516737
2021-10-18,TSLA,0.05405405405405406,0.04491089891629366
2021-10-19,TSLA,-0.03571428571428571,0.03617519327316968
2021-10-20,TSLA,0.028735632183908046,0.0395959037390704
2021-10-21,TSLA,0.15,0.04918897900233307
2021-10-22,TSLA,0.11377245508982035,0.04431501698909512
2021-10-25,TSLA,0.1406926406926407,0.04496724265782965
2021-10-26,TSLA,0.046218487394957986,0.037231325151080935
2021-10-27,TSLA,0.10734463276836158,0.041576937527306276
2021-10-28,TSLA,0.08,0.04368338165275046
2021-10-29,TSLA,0.015873015873015872,0.04048659830335849
2021-11-01,TSLA,0.09578544061302682,0.041555989135382804
2021-11-02,TSLA,-0.03902439024390244,0.03994514953274909
2021-11-03,TSLA,-0.007692307692307693,0.03781327861644438
2021-11-04,TSLA,0.026845637583892617,0.041367026326109925
2021-11-05,TSLA,0.02247191011235955,0.037456083017376074
2021-11-08,TSLA,-0.041474654377880185,0.036056768099912394
2021-11-09,TSLA,-0.06467661691542288,0.03700456340544976
2021-11-10,TSLA,-0.015873015873015872,0.03844464766758874
2021-11-11,TSLA,0.026490066225165563,0.035575364105008084
2021-11-12,TSLA,0.0,0.03767266638760988
2021-11-15,TSLA,-0.152317880794702,0.03209847991964235
2021-11-16,TSLA,-0.015503875968992248,0.03795264437760515
2021-11-17,TSLA,0.035398230088495575,0.0403957051295872
2021-11-18,TSLA,-0.046875,0.03899394032081934
2021-11-19,TSLA,0.08943089430894309,0.043351770141812726
2021-11-22,TSLA,0.06451612903225806,0.04116258893842694
2021-11-23,TSLA,0.031746031746031744,0.036894581575114826
2021-11-24,TSLA,0.0,0.038311658572233606
2021-11-26,TSLA,0.0,0.04204333697811591
2021-11-29,TSLA,0.1134020618556701,0.04059280992450922
2021-11-30,TSLA,0.02040816326530612,0.03525510660426078
2021-12-01,TSLA,0.02608695652173913,0.03995143243881044
2021-12-02,TSLA,0.05172413793103448,0.04208413776054099
2021-12-03,TSLA,-0.07692307692307693,0.03989551175492757
2021-12-06,TSLA,-0.055900621118012424,0.03601640340382297
2021-12-07,TSLA,-0.017241379310344827,0.03872622938680659
2021-12-08,TSLA,0.12745098039215685,0.04363567240684226
2021-12-09,TSLA,-0.11214953271028037,0.03950076604383242
2021-12-10,TSLA,0.027522935779816515,0.04137966676275838
2021-12-13,TSLA,-0.022727272727272728,0.03624948577576659
2021-12-14,TSLA,-0.05263157894736842,0.03623646195745813
2021-12-15,TSLA,-0.00980392156862745,0.03449108573742381
2021-12-16,TSLA,-0.07017543859649122,0.03660370074570965
2021-12-17,TSLA,-0.061946902654867256,0.0347818265104958
2021-12-20,TSLA,-0.0784313725490196,0.0403520068684267
2021-12-21,TSLA,0.049019607843137254,0.04020666979802724
2021-12-22,TSLA,0.0,0.04093277102455967
2021-12-23,TSLA,0.12337662337662338,0.04255842558425584
2021-12-27,TSLA,0.0603448275862069,0.0424965982035109
2021-12-28,TSLA,0.12380952380952381,0.04516746411483254
2021-12-29,TSLA,0.07784431137724551,0.0395158437974238
2021-12-30,TSLA,-0.04878048780487805,0.036579411176577266
2021-12-31,TSLA,0.046875,0.041519366851787365
2022-01-03,TSLA,0.17263843648208468,0.04346807590373183
2022-01-04,TSLA,0.03571428571428571,0.03967130311668931
2022-01-05,TSLA,-0.045454545454545456,0.040419660372857796
2022-01-06,TSLA,0.02564102564102564,0.04260077746418872
2022-01-07,TSLA,-0.037037037037037035,0.03915073031170005
2022-01-10,TSLA,0.07333333333333333,0.04603595758468117
2022-01-11,TSLA,0.11009174311926606,0.038864360634950586
2022-01-12,TSLA,0.08163265306122448,0.04256179102582412
2022-01-13,TSLA,-0.0641025641025641,0.03502164865610421
2022-01-14,TSLA,0.006134969325153374,0.03861076167967515
2022-01-18,TSLA,0.09090909090909091,0.04673807205452775
2022-01-19,TSLA,-0.0297029702970297,0.03826520047817697
2022-01-20,TSLA,0.0,0.04381470214173966
2022-01-21,TSLA,-0.14465408805031446,0.03416098363538174
2022-01-24,TSLA,-0.12195121951219512,0.035981084721627206
2022-01-25,TSLA,0.0,0.03914764891676676
2022-01-26,TSLA,0.09872611464968153,0.04185826427730797
2022-01-27,TSLA,-0.06463878326996197,0.03981975040057324
2022-01-28,TSLA,0.026737967914438502,0.03995973042440201
2022-01-31,TSLA,0.19083969465648856,0.04481357763140633
2022-02-01,TSLA,0.03508771929824561,0.03763588011797748
2022-02-02,TSLA,-0.020833333333333332,0.04195477112666035
2022-02-03,TSLA,-0.08,0.037411353295629314
2022-02-04,TSLA,0.06172839506172839,0.04144501212750209
2022-02-07,TSLA,-0.024096385542168676,0.039664912164470954
2022-02-08,TSLA,0.045454545454545456,0.04231815895857026
2022-02-09,TSLA,0.022988505747126436,0.04028673953120885
2022-02-10,TSLA,-0.08823529411764706,0.03754652801233696
2022-02-11,TSLA,-0.10101010101010101,0.03987763237179983
2022-02-14,TSLA,0.05263157894736842,0.04052497657845619
2022-02-15,TSLA,0.011363636363636364,0.039482439926062846
2022-02-16,TSLA,-0.08,0.038041649606570534
2022-02-17,TSLA,-0.13725490196078433,0.035473925531968084
2022-02-18,TSLA,0.047058823529411764,0.04208968461752557
2022-02-22,TSLA,-0.05825242718446602,0.03796128279625391
2022-02-23,TSLA,-0.15584415584415584,0.036293972837632436
2022-02-24,TSLA,-0.22641509433962265,0.03146042891904013
2022-02-25,TSLA,0.06557377049180328,0.0388959348300684
2022-02-28,TSLA,0.038834951456310676,0.03888752600830449
2022-03-01,TSLA,0.13157894736842105,0.046814639504291516
2022-03-02,TSLA,-0.06896551724137931,0.03858245212917976
2022-03-03,TSLA,-0.022222222222222223,0.04143370019422047
2022-03-04,TSLA,0.018691588785046728,0.04135659709111441
2022-03-07,TSLA,-0.03571428571428571,0.04288233696159922
2022-03-08,TSLA,-0.0297029702970297,0.04132224859702239
2022-03-09,TSLA,0.06976744186046512,0.04486251710959145
2022-03-10,TSLA,0.06862745098039216,0.04397011263758575
2022-03-11,TSLA,0.0,0.04105453813644597
2022-03-14,TSLA,-0.18085106382978725,0.034889521387763134
2022-03-15,TSLA,-0.020202020202020204,0.036632803353600966
2022-03-16,TSLA,0.036585365853658534,0.04002175810009665
2022-03-17,TSLA,-0.07407407407407407,0.036516341062625524
2022-03-18,TSLA,0.0,0.038225187042047706
2022-03-21,TSLA,-0.030303030303030304,0.03587100546019708
2022-03-22,TSLA,0.0779816513761468,0.04331568940377752
2022-03-23,TSLA,0.007751937984496124,0.03953350464518679
2022-03-24,TSLA,0.13,0.044503436041962066
2022-03-25,TSLA,-0.0125,0.04045782290252566
2022-03-28,TSLA,0.09183673469387756,0.04185080933628407
2022-03-29,TSLA,0.009708737864077669,0.03623214001786639
2022-03-30,TSLA,-0.030612244897959183,0.037745767736690417
2022-03-31,TSLA,0.021739130434782608,0.0427904875667744
2022-04-01,TSLA,0.04424778761061947,0.039831415810094674
2022-04-04,TSLA,0.032467532467532464,0.039480595348794986
2022-04-05,TSLA,0.008928571428571428,0.03873368385083093
2022-04-06,TSLA,-0.041666666666666664,0.04095819001910304
2022-04-07,TSLA,-0.006944444444444444,0.041044281128120766
2022-04-08,TSLA,0.008298755186721992,0.03977328525933305
2022-04-11,TSLA,-0.11965811965811966,0.034319748432911974
2022-04-12,TSLA,-0.09574468085106383,0.0372609999098917
2022-04-13,TSLA,0.011235955056179775,0.041002560934361394
2022-04-14,TSLA,-0.11173184357541899,0.03582955338450802
2022-04-18,TSLA,-0.07476635514018691,0.03657016207230918
2022-04-19,TSLA,0.061855670103092786,0.042313117066290554
2022-04-20,TSLA,0.02857142857142857,0.04485474223344304
2022-04-21,TSLA,0.014563106796116505,0.04238705973032885
2022-04-22,TSLA,-0.07894736842105263,0.0383182684334673
2022-04-25,TSLA,-0.03205128205128205,0.04445741081752387
2022-04-26,TSLA,-0.1382488479262673,0.03445311700696572
2022-04-27,TSLA,-0.11382113821138211,0.039839561499795464
2022-04-28,TSLA,-0.09420289855072464,0.03651676576859843
2022-04-29,TSLA,-0.0779816513761468,0.03853047228366127
2022-05-02,TSLA,-0.009708737864077669,0.04746360636308228
2022-05-03,TSLA,0.014084507042253521,0.03882118815486525
2022-05-04,TSLA,-0.010638297872340425,0.03590243288668572
2022-05-05,TSLA,-0.020202020202020204,0.041728154698292295
2022-05-06,TSLA,0.06451612903225806,0.04134340069737109
2022-05-09,TSLA,-0.088,0.034994642434225606
2022-05-10,TSLA,-0.17123287671232876,0.03457585764542174
2022-05-11,TSLA,-0.13138686131386862,0.034643281582130016
2022-05-12,TSLA,-0.1386861313868613,0.039457012277770674
2022-05-13,TSLA,-0.04504504504504504,0.03997928911371633
2022-05-16,TSLA,-0.20535714285714285,0.030232997024025553
2022-05-17,TSLA,-0.058823529411764705,0.03667841977141485
2022-05-18,TSLA,-0.16030534351145037,0.03667782793124223
2022-05-19,TSLA,-0.14788732394366197,0.03793367702382611
2022-05-20,TSLA,-0.1859504132231405,0.03363753744279911
2022-05-23,TSLA,-0.043478260869565216,0.03651491774575917
2022-05-24,TSLA,-0.19014084507042253,0.03806628450203512
2022-05-25,TSLA,-0.0234375,0.04009949610356281
2022-05-26,TSLA,0.09302325581395349,0.04258334028298389
2022-05-27,TSLA,0.01020408163265306,0.03699434445584616
2022-05-31,TSLA,0.07246376811594203,0.045491007118574886
2022-06-01,TSLA,-0.10869565217391304,0.034768987822671564
2022-06-02,TSLA,0.0,0.039586427510567804
2022-06-03,TSLA,-0.3465346534653465,0.026065407480643548
2022-06-06,TSLA,-0.125,0.03187268085306414
2022-06-07,TSLA,-0.11392405063291139,0.03857576180706698
2022-06-08,TSLA,-0.023529411764705882,0.04189098250336473
2022-06-09,TSLA,0.06557377049180328,0.04261940197537546
2022-06-10,TSLA,-0.043478260869565216,0.044613314353456286
2022-06-13,TSLA,-0.17592592592592593,0.0367071322878093
2022-06-14,TSLA,-0.0958904109589041,0.03791764014143461
2022-06-15,TSLA,-0.07954545454545454,0.03852582657262832
2022-06-16,TSLA,-0.03571428571428571,0.040381877609345924
2022-06-17,TSLA,-0.17543859649122806,0.03440342988601903
2022-06-21,TSLA,-0.03409090909090909,0.037756522254138405
2022-06-22,TSLA,-0.05102040816326531,0.03380812977531814
2022-06-23,TSLA,-0.24358974358974358,0.030971128608923884
2022-06-24,TSLA,0.07407407407407407,0.041157181592058376
2022-06-27,TSLA,0.0,0.04108182129407737
2022-06-28,TSLA,0.014705882352941176,0.039002112950908656
2022-06-29,TSLA,-0.1,0.03856892409583793
2022-06-30,TSLA,-0.2077922077922078,0.03401732610089805
2022-07-01,TSLA,-0.14473684210526316,0.037751423995751925
2022-07-05,TSLA,-0.1744186046511628,0.03456814166678259
2022-07-06,TSLA,-0.05128205128205128,0.03619056934509484
2022-07-07,TSLA,-0.057971014492753624,0.03313463585664123
2022-07-08,TSLA,-0.10526315789473684,0.033352832994099066
2022-07-11,TSLA,-0.2,0.031991367408794456
2022-07-12,TSLA,-0.19480519480519481,0.03458711629917856
2022-07-13,TSLA,-0.16216216216216217,0.03355852578104102
2022-07-14,TSLA,-0.025,0.04048736127988669
2022-07-15,TSLA,-0.10144927536231885,0.03723989989274222
2022-07-18,TSLA,0.04838709677419355,0.04271267860341356
2022-07-19,TSLA,-0.054945054945054944,0.04191546584804162
2022-07-20,TSLA,-0.03717472118959108,0.0389936790470028
2022-07-21,TSLA,0.04020100502512563,0.038884111572145365
2022-07-22,TSLA,-0.04878048780487805,0.04129724764207242
2022-07-25,TSLA,-0.023809523809523808,0.04077529107771535
2022-07-26,TSLA,-0.11842105263157894,0.03904732302432202
2022-07-27,TSLA,0.031746031746031744,0.039226966332065974
2022-07-28,TSLA,-0.04395604395604396,0.03617087427036893
2022-07-29,TSLA,0.009433962264150943,0.043703807547049556
2022-08-01,TSLA,0.07526881720430108,0.042181901633870235
2022-08-02,TSLA,0.022988505747126436,0.038387054277848574
2022-08-03,TSLA,0.01098901098901099,0.0399215244867796
2022-08-04,TSLA,0.05389221556886228,0.041219541549701234
2022-08-05,TSLA,-0.08843537414965986,0.038861812903571956
2022-08-08,TSLA,-0.06060606060606061,0.03382433169667213
2022-08-09,TSLA,0.009433962264150943,0.03944880684166795
2022-08-10,TSLA,-0.019138755980861243,0.03933612743738525
2022-08-11,TSLA,-0.08421052631578947,0.03446273376645424
2022-08-12,TSLA,-0.050505050505050504,0.03487857432502273
2022-08-15,TSLA,-0.023809523809523808,0.037364832892269405
2022-08-16,TSLA,0.030927835051546393,0.041329965131078915
2022-08-17,TSLA,-0.08695652173913043,0.0372086458902414
2022-08-18,TSLA,0.021739130434782608,0.04047459573246579
2022-08-19,TSLA,0.07352941176470588,0.03947929071660348
2022-08-22,TSLA,0.0,0.041639044857817574
2022-08-23,TSLA,-0.09,0.036937528993350864
2022-08-24,TSLA,-0.08928571428571429,0.03824969007168124
2022-08-25,TSLA,-0.028169014084507043,0.04144283792833332
2022-08-26,TSLA,0.012987012987012988,0.03993336355730282
2022-08-29,TSLA,-0.09195402298850575,0.038576236898554266
2022-08-30,TSLA,0.03529411764705882,0.04507714563948416
2022-08-31,TSLA,0.015625,0.04364043267437523
2022-09-01,TSLA,-0.02564102564102564,0.04167143344495324
2022-09-02,TSLA,0.010416666666666666,0.0417867912648706
2022-09-06,TSLA,0.06097560975609756,0.04318105471686306
2022-09-07,TSLA,0.011235955056179775,0.04175797772079324
2022-09-08,TSLA,-0.02197802197802198,0.038520459010791874
2022-09-09,TSLA,0.0707070707070707,0.03935546149847776
2022-09-12,TSLA,0.0,0.04
2022-09-13,TSLA,-0.0684931506849315,0.037180581454303245
2022-09-14,TSLA,0.046296296296296294,0.047487523113396206
2022-09-15,TSLA,0.06382978723404255,0.040523183149983696
2022-09-16,TSLA,0.08080808080808081,0.04275480206638697
2022-09-19,TSLA,0.11494252873563218,0.04361216644560843
2022-09-20,TSLA,0.012345679012345678,0.04335692719441958
2022-09-21,TSLA,-0.018518518518518517,0.03971363973137859
2022-09-22,TSLA,-0.08433734939759036,0.05506106396191265
2022-09-23,TSLA,-0.046511627906976744,0.04271871635466954
2022-09-26,TSLA,-0.09722222222222222,0.039788833295887664
2022-09-27,TSLA,0.0,0.040367207614432
2022-09-28,TSLA,0.0,0.044948921679909194
2022-09-29,TSLA,-0.08035714285714286,0.038463932283562575
2021-09-30,TSM,0.0,0.040268456375838924
2021-10-01,TSM,0.0,0.0404546720336194
2021-10-04,TSM,-0.10810810810810811,0.03724079670245406
2021-10-05,TSM,0.05,0.04020729694220167
2021-10-06,TSM,-0.025,0.03814666059969832
2021-10-07,TSM,0.04,0.0404825343066606
2021-10-08,TSM,0.03571428571428571,0.0370254780684333
2021-10-11,TSM,-0.09090909090909091,0.034685095840396404
2021-10-12,TSM,0.125,0.04483227346139804
2021-10-13,TSM,0.05128205128205128,0.04232390423396683
2021-10-14,TSM,0.04,0.039869275972085304
2021-10-15,TSM,0.11538461538461539,0.04332094156096256
2021-10-18,TSM,0.13043478260869565,0.04816531188124247
2021-10-19,TSM,-0.034482758620689655,0.03622139403086211
2021-10-20,TSM,-0.01818181818181818,0.03779005703730883
2021-10-21,TSM,0.0,0.042773025219420065
2021-10-22,TSM,0.0,0.039788214178381104
2021-10-25,TSM,-0.09375,0.035725279715939376
2021-10-26,TSM,-0.058823529411764705,0.03349324029655473
2021-10-27,TSM,0.05128205128205128,0.03947198268389085
2021-10-28,TSM,-0.028985507246376812,0.039275182108618904
2021-10-29,TSM,0.0,0.039853995204868514
2021-11-01,TSM,-0.0273972602739726,0.036884473353184156
2021-11-02,TSM,0.0,0.04156728758484043
2021-11-03,TSM,-0.1,0.03429576432654258
2021-11-04,TSM,0.03333333333333333,0.04162838662315942
2021-11-05,TSM,-0.0784313725490196,0.033759705938738234
2021-11-08,TSM,0.05263157894736842,0.03959675444170541
2021-11-09,TSM,0.058823529411764705,0.0418906478100492
2021-11-10,TSM,-0.043478260869565216,0.03736625642866619
2021-11-11,TSM,-0.14634146341463414,0.029585491627847012
2021-11-12,TSM,-0.1111111111111111,0.03348681456676434
2021-11-15,TSM,0.075,0.040706138694968315
2021-11-16,TSM,0.08108108108108109,0.04167602574770006
2021-11-17,TSM,0.05357142857142857,0.041104726205579645
2021-11-18,TSM,-0.027777777777777776,0.03977523967150971
2021-11-19,TSM,-0.06818181818181818,0.03707988073696771
2021-11-22,TSM,-0.02702702702702703,0.037622808562886544
2021-11-23,TSM,-0.07894736842105263,0.03293625602150939
2021-11-24,TSM,-0.05405405405405406,0.036240758108869627
2021-11-26,TSM,-0.07142857142857142,0.03904024147967906
2021-11-29,TSM,0.18181818181818182,0.04308714925488731
2021-11-30,TSM,-0.125,0.03023125391315362
2021-12-01,TSM,0.023255813953488372,0.03984119987000016
2021-12-02,TSM,-0.03125,0.03876397525279339
2021-12-03,TSM,-0.14285714285714285,0.037045832343861315
2021-12-06,TSM,0.030303030303030304,0.0393049825024974
2021-12-07,TSM,0.07142857142857142,0.04222032527133049
2021-12-08,TSM,-0.10344827586206896,0.034699191371198104
2021-12-09,TSM,0.0,0.04449033649147441
2021-12-10,TSM,0.0,0.04027128283161306
2021-12-13,TSM,0.0,0.037092497072877435
2021-12-14,TSM,-0.08108108108108109,0.03514827991669362
2021-12-15,TSM,-0.06666666666666667,0.03251040952675987
2021-12-16,TSM,0.0,0.039366244198216035
2021-12-17,TSM,0.0625,0.039396160805815116
2021-12-20,TSM,0.0,0.0437862202189311
2021-12-21,TSM,0.0,0.038327853452325034
2021-12-22,TSM,0.0,0.04093277102455967
2021-12-23,TSM,0.0,0.03788437884378844
2021-12-27,TSM,0.023809523809523808,0.04103233291504304
2021-12-28,TSM,0.0,0.04019138755980861
2021-12-29,TSM,0.05555555555555555,0.038698695175686956
2021-12-30,TSM,-0.043478260869565216,0.036783309789601676
2021-12-31,TSM,0.0,0.039660290724095396
2022-01-03,TSM,0.0,0.03706860917346019
2022-01-04,TSM,-0.06666666666666667,0.03574977200400507
2022-01-05,TSM,0.0,0.042344406104898646
2022-01-06,TSM,0.0,0.041535758027584004
2022-01-07,TSM,0.0,0.040656527631380814
2022-01-10,TSM,0.0,0.04289064371243587
2022-01-11,TSM,-0.391304347826087,0.021310461490813726
2022-01-12,TSM,-0.05555555555555555,0.03716349258334538
2022-01-13,TSM,0.0,0.03742039171474148
2022-01-14,TSM,-0.05,0.03645656369571766
2022-01-18,TSM,0.1,0.04712755598831549
2022-01-19,TSM,0.0,0.03943658416628443
2022-01-20,TSM,-0.023255813953488372,0.04279575558030385
2022-01-21,TSM,-0.02857142857142857,0.03879711712875498
2022-01-24,TSM,0.09774436090225563,0.04498387074846709
2022-01-25,TSM,0.0,0.03914764891676676
2022-01-26,TSM,0.0,0.0380970869074629
2022-01-27,TSM,0.024390243902439025,0.04360985156897997
2022-01-28,TSM,0.10344827586206896,0.04294522752507572
2022-01-31,TSM,0.08928571428571429,0.04099190691993681
2022-02-01,TSM,0.0,0.03636008757160536
2022-02-02,TSM,-0.043478260869565216,0.04098449427359235
2022-02-03,TSM,0.0,0.040664514451770994
2022-02-04,TSM,0.16666666666666666,0.04554132146568543
2022-02-07,TSM,0.030303030303030304,0.041875937945430985
2022-02-08,TSM,0.0,0.040478239003849815
2022-02-09,TSM,0.0,0.03938141954174348
2022-02-10,TSM,-0.028169014084507043,0.04002006120715244
2022-02-11,TSM,0.06896551724137931,0.04741745592756825
2022-02-14,TSM,-0.05357142857142857,0.03643629590580838
2022-02-15,TSM,0.0,0.03903881700554528
2022-02-16,TSM,-0.01,0.04093612294620091
2022-02-17,TSM,-0.02040816326530612,0.04027837184705837
2022-02-18,TSM,0.0,0.04019801339876037
2022-02-22,TSM,-0.058823529411764705,0.0379382620062016
2022-02-23,TSM,0.016129032258064516,0.043687856634083116
2022-02-24,TSM,-0.04,0.03904162496099418
2022-02-25,TSM,0.0684931506849315,0.03900249903508229
2022-02-28,TSM,0.0,0.03743378671827441
2022-03-01,TSM,0.06976744186046512,0.044257430964576294
2022-03-02,TSM,0.15384615384615385,0.04781585947633389
2022-03-03,TSM,-0.08333333333333333,0.038844093932081686
2022-03-04,TSM,0.030303030303030304,0.04182799561230865
2022-03-07,TSM,0.0,0.044470571663880666
2022-03-08,TSM,-0.12,0.03747674954391174
2022-03-09,TSM,-0.06666666666666667,0.03914092072460009
2022-03-10,TSM,-0.05263157894736842,0.03898074688682155
2022-03-11,TSM,-0.08333333333333333,0.037633326625075465
2022-03-14,TSM,0.15,0.04898126314308045
2022-03-15,TSM,0.0,0.037388118886664906
2022-03-16,TSM,0.07692307692307693,0.041579165881367376
2022-03-17,TSM,0.0,0.03943764834763557
2022-03-18,TSM,0.07692307692307693,0.04116558604528214
2022-03-21,TSM,0.03773584905660377,0.03838789794236892
2022-03-22,TSM,-0.03225806451612903,0.038886013548483866
2022-03-23,TSM,-0.011111111111111112,0.0387935185325974
2022-03-24,TSM,0.07142857142857142,0.04219668398416125
2022-03-25,TSM,0.0,0.040969947243063964
2022-03-28,TSM,0.05555555555555555,0.04046012823684369
2022-03-29,TSM,0.05555555555555555,0.037877295948164816
2022-03-30,TSM,-0.05,0.0369908523819566
2022-03-31,TSM,0.14285714285714285,0.04786291618411239
2022-04-01,TSM,0.08333333333333333,0.04132228094987929
2022-04-04,TSM,0.0967741935483871,0.04193962208283435
2022-04-05,TSM,0.05128205128205128,0.040359672394603044
2022-04-06,TSM,-0.02564102564102564,0.04164310958463987
2022-04-07,TSM,0.058823529411764705,0.04376255725384164
2022-04-08,TSM,0.2,0.047335119740737105
2022-04-11,TSM,0.0,0.03898456860825923
2022-04-12,TSM,0.0,0.041206282253291995
2022-04-13,TSM,-0.03333333333333333,0.03919541102651361
2022-04-14,TSM,-0.0967741935483871,0.03643289137008606
2022-04-18,TSM,0.0,0.03952532668421296
2022-04-19,TSM,0.0,0.039848275295438676
2022-04-20,TSM,0.04,0.04535312825825908
2022-04-21,TSM,0.1111111111111111,0.046420703372927925
2022-04-22,TSM,0.11627906976744186,0.046440213702753724
2022-04-25,TSM,-0.1,0.041336559462121544
2022-04-26,TSM,-0.023255813953488372,0.039050579331113736
2022-04-27,TSM,0.041666666666666664,0.04682975979047058
2022-04-28,TSM,0.11764705882352941,0.04505739286836004
2022-04-29,TSM,0.06153846153846154,0.04436091573599945
2022-05-02,TSM,0.05555555555555555,0.05059165449485403
2022-05-03,TSM,0.038461538461538464,0.039754389793203365
2022-05-04,TSM,-0.07407407407407407,0.03360044495567958
2022-05-05,TSM,-0.2903225806451613,0.030224117370429203
2022-05-06,TSM,0.05128205128205128,0.040829419025919696
2022-05-09,TSM,-0.02702702702702703,0.037334255797537984
2022-05-10,TSM,-0.05555555555555555,0.03940187267031072
2022-05-11,TSM,0.0,0.0398834418214438
2022-05-12,TSM,-0.02857142857142857,0.044501395445485675
2022-05-13,TSM,0.03333333333333333,0.04326060812587985
2022-05-16,TSM,0.1111111111111111,0.04227335414095957
2022-05-17,TSM,0.0,0.03897082100712828
2022-05-18,TSM,0.03125,0.045044957428056864
2022-05-19,TSM,0.0,0.04451720774696949
2022-05-20,TSM,0.07142857142857142,0.04427275595263262
2022-05-23,TSM,0.047619047619047616,0.03999252895964099
2022-05-24,TSM,0.0,0.047003586080773804
2022-05-25,TSM,-0.11538461538461539,0.0363239743165812
2022-05-26,TSM,0.07142857142857142,0.04174202808894317
2022-05-27,TSM,-0.10526315789473684,0.03276585744999453
2022-05-31,TSM,0.23076923076923078,0.05220589590322939
2022-06-01,TSM,0.0,0.03900910828885103
2022-06-02,TSM,0.0,0.039586427510567804
2022-06-03,TSM,-0.06896551724137931,0.03713707742931815
2022-06-06,TSM,0.037037037037037035,0.03777502915918713
2022-06-07,TSM,0.1,0.04788905287191601
2022-06-08,TSM,0.0,0.042900403768506054
2022-06-09,TSM,0.1,0.04399633650073374
2022-06-10,TSM,-0.06666666666666667,0.043531779460039166
2022-06-13,TSM,0.04,0.04632522582659259
2022-06-14,TSM,0.047619047619047616,0.04393631317975757
2022-06-15,TSM,0.0,0.04185521899248509
2022-06-16,TSM,0.058823529411764705,0.04434088521810532
2022-06-17,TSM,0.0,0.041723308585172016
2022-06-21,TSM,0.0,0.039089105392519766
2022-06-22,TSM,-0.029411764705882353,0.034577954362232405
2022-06-23,TSM,0.0,0.04094488188976378
2022-06-24,TSM,-0.21052631578947367,0.03025164890160371
2022-06-27,TSM,-0.13333333333333333,0.03560424512153373
2022-06-28,TSM,0.0,0.03843686493712738
2022-06-29,TSM,0.0,0.04285436010648659
2022-06-30,TSM,-0.25,0.03220492757912889
2022-07-01,TSM,-0.08333333333333333,0.04046178264160078
2022-07-05,TSM,0.05714285714285714,0.04426391419867292
2022-07-06,TSM,-0.07894736842105263,0.035135225573296194
2022-07-07,TSM,0.045454545454545456,0.036772494478664076
2022-07-08,TSM,0.03773584905660377,0.03868336346152444
2022-07-11,TSM,0.022222222222222223,0.0408778583556818
2022-07-12,TSM,-0.125,0.037585596139631534
2022-07-13,TSM,-0.0975609756097561,0.03614604389791123
2022-07-14,TSM,0.023255813953488372,0.04249120802182503
2022-07-15,TSM,0.1111111111111111,0.046049338577046836
2022-07-18,TSM,0.07142857142857142,0.04365141879249958
2022-07-19,TSM,0.0,0.04435241153688125
2022-07-20,TSM,0.0,0.040499226500555034
2022-07-21,TSM,-0.2222222222222222,0.029074378647342188
2022-07-22,TSM,0.125,0.04884193711514334
2022-07-25,TSM,0.16666666666666666,0.04873144543434275
2022-07-26,TSM,0.0,0.04429248581863393
2022-07-27,TSM,-0.05263157894736842,0.0360189310287958
2022-07-28,TSM,0.0,0.037833902972454855
2022-07-29,TSM,-0.1,0.03896582467278998
2022-08-01,TSM,0.05,0.04119062694547429
2022-08-02,TSM,-0.125,0.03283387086405869
2022-08-03,TSM,-0.03333333333333333,0.03817134171036645
2022-08-04,TSM,0.0,0.039111724084091505
2022-08-05,TSM,0.12,0.0477478274361499
2022-08-08,TSM,0.0,0.03600654664484452
2022-08-09,TSM,0.08,0.042206536516206976
2022-08-10,TSM,0.041666666666666664,0.04177464753258902
2022-08-11,TSM,0.06896551724137931,0.04022701186770025
2022-08-12,TSM,-0.09090909090909091,0.0333943796728941
2022-08-15,TSM,0.0,0.03827617027988573
2022-08-16,TSM,0.21052631578947367,0.0485300801091774
2022-08-17,TSM,0.06666666666666667,0.043469148214631215
2022-08-18,TSM,0.0,0.03961343412113673
2022-08-19,TSM,0.09090909090909091,0.040118432409400294
2022-08-22,TSM,0.21739130434782608,0.05069101113125618
2022-08-23,TSM,0.0,0.04059069120148446
2022-08-24,TSM,-0.13043478260869565,0.03652144320569735
2022-08-25,TSM,-0.05128205128205128,0.04045720373011209
2022-08-26,TSM,0.07894736842105263,0.04253361293873314
2022-08-29,TSM,0.0,0.04248269126802812
2022-08-30,TSM,0.0,0.04354042476541083
2022-08-31,TSM,0.0,0.042969041402461765
2022-09-01,TSM,-0.14285714285714285,0.03665832866962052
2022-09-02,TSM,-0.038461538461538464,0.03976538423302515
2022-09-06,TSM,-0.17391304347826086,0.03362123100893185
2022-09-07,TSM,0.125,0.046455750214382474
2022-09-08,TSM,0.0,0.03938608730316922
2022-09-09,TSM,0.1111111111111111,0.0408405732531373
2022-09-12,TSM,0.0,0.04
2022-09-13,TSM,-0.030303030303030304,0.03870491901838342
2022-09-14,TSM,0.10344827586206896,0.05008144030512582
2022-09-15,TSM,-0.05263157894736842,0.036086960994617064
2022-09-16,TSM,0.25,0.04944772668892885
2022-09-19,TSM,-0.1,0.0352044601308365
2022-09-20,TSM,-0.08823529411764706,0.039049226752219356
2022-09-21,TSM,0.04081632653061224,0.042114502818720305
2022-09-22,TSM,0.0,0.060132477747878284
2022-09-23,TSM,0.0,0.04480255617684854
2022-09-26,TSM,0.07692307692307693,0.04746407569497604
2022-09-27,TSM,0.0,0.040367207614432
2022-09-28,TSM,0.1111111111111111,0.049943246311010214
2022-09-29,TSM,-0.125,0.036596751104748866
2021-09-30,VZ,0.0,0.040268456375838924
2021-10-01,VZ,0.0,0.0404546720336194
2021-10-04,VZ,0.0,0.04175483266638788
2021-10-05,VZ,0.0,0.038292663754477776
2021-10-06,VZ,0.0,0.03912478010225469
2021-10-07,VZ,0.0,0.03892551375640442
2021-10-08,VZ,0.0,0.03574873744538388
2021-10-11,VZ,0.0,0.03815360542443604
2021-10-12,VZ,0.0,0.039850909743464925
2021-10-13,VZ,0.0,0.04025932353962698
2021-10-14,VZ,0.0,0.038335842280851254
2021-10-15,VZ,0.0,0.03883946484775954
2021-10-18,VZ,0.0,0.04260777589494527
2021-10-19,VZ,0.0,0.03751501524625004
2021-10-20,VZ,0.0,0.0384898729083701
2021-10-21,VZ,0.0,0.042773025219420065
2021-10-22,VZ,0.0,0.039788214178381104
2021-10-25,VZ,0.0,0.03942099830724345
2021-10-26,VZ,0.0,0.035586567815089405
2021-10-27,VZ,0.0,0.03754652011394496
2021-10-28,VZ,0.0,0.04044757560439857
2021-10-29,VZ,-1.0,0.0
2021-11-01,VZ,0.0,0.037923472602569626
2021-11-02,VZ,0.0,0.04156728758484043
2021-11-03,VZ,0.0,0.03810640480726953
2021-11-04,VZ,0.0,0.04028553544176718
2021-11-05,VZ,0.0,0.03663287240160957
2021-11-08,VZ,0.0,0.03761691671962014
2021-11-09,VZ,0.0,0.039563389598379795
2021-11-10,VZ,0.0,0.0390647226299692
2021-11-11,VZ,0.0,0.03465729019262079
2021-11-12,VZ,0.0,0.03767266638760988
2021-11-15,VZ,0.0,0.037866175530203085
2021-11-16,VZ,0.0,0.03855032381662256
2021-11-17,VZ,0.0,0.03901465538156712
2021-11-18,VZ,0.0,0.0409116750906957
2021-11-19,VZ,0.0,0.03979304274211169
2021-11-22,VZ,0.0,0.03866788657852228
2021-11-23,VZ,0.0,0.03575936368049591
2021-11-24,VZ,-0.5,0.019155829286116803
2021-11-26,VZ,0.0,0.04204333697811591
2021-11-29,VZ,0.0,0.03645835706182772
2021-11-30,VZ,0.0,0.03455000447217556
2021-12-01,VZ,0.0,0.03893571805477288
2021-12-02,VZ,0.0,0.04001442606739963
2021-12-03,VZ,0.0,0.043220137734504865
2021-12-06,VZ,0.0,0.03814895360536512
2021-12-07,VZ,0.0,0.03940563691990846
2021-12-08,VZ,0.0,0.038702944221720964
2021-12-09,VZ,0.0,0.04449033649147441
2021-12-10,VZ,0.0,0.04027128283161306
2021-12-13,VZ,-1.0,0.0
2021-12-14,VZ,0.0,0.038249598732872474
2021-12-15,VZ,0.0,0.03483258163581414
2021-12-16,VZ,0.0,0.039366244198216035
2021-12-17,VZ,0.0,0.03707873958194363
2021-12-20,VZ,0.0,0.0437862202189311
2021-12-21,VZ,0.0,0.038327853452325034
2021-12-22,VZ,0.0,0.04093277102455967
2021-12-23,VZ,0.0,0.03788437884378844
2021-12-27,VZ,0.0,0.04007809261469321
2021-12-28,VZ,0.0,0.04019138755980861
2021-12-29,VZ,0.0,0.03666192174538764
2021-12-30,VZ,0.0,0.03845527841640175
2021-12-31,VZ,0.0,0.039660290724095396
2022-01-03,VZ,0.0,0.03706860917346019
2022-01-04,VZ,0.0,0.03830332714714829
2022-01-05,VZ,0.0,0.042344406104898646
2022-01-06,VZ,0.0,0.041535758027584004
2022-01-07,VZ,0.0,0.040656527631380814
2022-01-10,VZ,0.0,0.04289064371243587
2022-01-11,VZ,1.0,0.0700200877555308
2022-01-12,VZ,0.0,0.0393495803823657
2022-01-13,VZ,0.0,0.03742039171474148
2022-01-14,VZ,0.5,0.057562995309027885
2022-01-18,VZ,0.0,0.04284323271665044
2022-01-19,VZ,0.0,0.03943658416628443
2022-01-20,VZ,0.0,0.04381470214173966
2022-01-21,VZ,0.0,0.03993820880901247
2022-01-24,VZ,0.0,0.04097845759963098
2022-01-25,VZ,0.0,0.03914764891676676
2022-01-26,VZ,0.0,0.0380970869074629
2022-01-27,VZ,0.0,0.04257152176971855
2022-01-28,VZ,0.0,0.03891911244459987
2022-01-31,VZ,0.0,0.03763191454945019
2022-02-01,VZ,0.5,0.05454013135740803
2022-02-02,VZ,-0.5,0.021423712915741452
2022-02-03,VZ,0.0,0.040664514451770994
2022-02-04,VZ,0.0,0.03903541839915894
2022-02-07,VZ,0.0,0.04064429271174184
2022-02-08,VZ,0.0,0.040478239003849815
2022-02-09,VZ,0.0,0.03938141954174348
2022-02-10,VZ,0.0,0.041180062981272796
2022-02-11,VZ,0.0,0.04435826522256385
2022-02-14,VZ,0.0,0.03849872774953338
2022-02-15,VZ,0.0,0.03903881700554528
2022-02-16,VZ,0.0,0.04134961913757667
2022-02-17,VZ,0.0,0.04111750459387209
2022-02-18,VZ,0.0,0.04019801339876037
2022-02-22,VZ,0.0,0.040309403381589205
2022-02-23,VZ,0.0,0.042994398592272276
2022-02-24,VZ,0.0,0.04066835933436894
2022-02-25,VZ,0.0,0.03650233884052573
2022-02-28,VZ,0.0,0.03743378671827441
2022-03-01,VZ,0.0,0.04137107677123437
2022-03-02,VZ,0.0,0.04144041154615605
2022-03-03,VZ,0.0,0.042375375198634574
2022-03-04,VZ,0.0,0.04059776044724075
2022-03-07,VZ,0.0,0.044470571663880666
2022-03-08,VZ,0.0,0.042587215390808786
2022-03-09,VZ,0.0,0.041936700776357236
2022-03-10,VZ,0.0,0.04114634393608941
2022-03-11,VZ,0.0,0.04105453813644597
2022-03-14,VZ,0.0,0.04259240273311343
2022-03-15,VZ,0.0,0.037388118886664906
2022-03-16,VZ,0.0,0.03860922546126971
2022-03-17,VZ,0.0,0.03943764834763557
2022-03-18,VZ,0.0,0.038225187042047706
2022-03-21,VZ,0.0,0.03699197438082824
2022-03-22,VZ,0.0,0.0401822140001
2022-03-23,VZ,0.0,0.03922940076330074
2022-03-24,VZ,0.0,0.0393835717185505
2022-03-25,VZ,0.0,0.040969947243063964
2022-03-28,VZ,0.0,0.038330647803325596
2022-03-29,VZ,0.0,0.03588375405615614
2022-03-30,VZ,0.0,0.038937739349428006
2022-03-31,VZ,0.0,0.041880051661098344
2022-04-01,VZ,0.0,0.038143643953734735
2022-04-04,VZ,0.0,0.0382390671931725
2022-04-05,VZ,0.0,0.038390907887549244
2022-04-06,VZ,0.0,0.04273898088949882
2022-04-07,VZ,0.0,0.041331304073072665
2022-04-08,VZ,0.0,0.039445933117280924
2022-04-11,VZ,0.0,0.03898456860825923
2022-04-12,VZ,0.0,0.041206282253291995
2022-04-13,VZ,0.0,0.04054697692397959
2022-04-14,VZ,0.0,0.04033641544545243
2022-04-18,VZ,0.0,0.03952532668421296
2022-04-19,VZ,0.0,0.039848275295438676
2022-04-20,VZ,0.0,0.04360877717140296
2022-04-21,VZ,0.0,0.041778633035635136
2022-04-22,VZ,0.0,0.04160269144205021
2022-04-25,VZ,0.0,0.04592951051346838
2022-04-26,VZ,0.0,0.03998035502947359
2022-04-27,VZ,0.0,0.04495656939885176
2022-04-28,VZ,0.0,0.040314509408532664
2022-04-29,VZ,0.0,0.041789268446956004
2022-05-02,VZ,0.0,0.04792893583723014
2022-05-03,VZ,0.0,0.03828200498604768
2022-05-04,VZ,0.0,0.03628848055213395
2022-05-05,VZ,0.0,0.04258852902196842
2022-05-06,VZ,0.0,0.03883774004904557
2022-05-09,VZ,0.0,0.0383713184585807
2022-05-10,VZ,0.0,0.041719629886211355
2022-05-11,VZ,0.0,0.0398834418214438
2022-05-12,VZ,0.0,0.045810260017411716
2022-05-13,VZ,0.0,0.04186510463794823
2022-05-16,VZ,-0.3333333333333333,0.025364012484575746
2022-05-17,VZ,0.0,0.03897082100712828
2022-05-18,VZ,0.0,0.043679958718115745
2022-05-19,VZ,0.0,0.04451720774696949
2022-05-20,VZ,0.0,0.041321238889123785
2022-05-23,VZ,0.0,0.03817468673420276
2022-05-24,VZ,0.0,0.047003586080773804
2022-05-25,VZ,0.0,0.041061884010048316
2022-05-26,VZ,0.0,0.03895922621634697
2022-05-27,VZ,0.0,0.03662066420881741
2022-05-31,VZ,0.0,0.04241729042137388
2022-06-01,VZ,0.0,0.03900910828885103
2022-06-02,VZ,0.0,0.039586427510567804
2022-06-03,VZ,0.0,0.03988797205371209
2022-06-06,VZ,0.0,0.03642592097493045
2022-06-07,VZ,0.0,0.043535502610832735
2022-06-08,VZ,0.0,0.042900403768506054
2022-06-09,VZ,0.0,0.039996669546121584
2022-06-10,VZ,0.0,0.04664119227861339
2022-06-13,VZ,0.0,0.04454348637172364
2022-06-14,VZ,0.0,0.04193920803522313
2022-06-15,VZ,0.0,0.04185521899248509
2022-06-16,VZ,0.0,0.04187750270598836
2022-06-17,VZ,0.0,0.041723308585172016
2022-06-21,VZ,0.0,0.039089105392519766
2022-06-22,VZ,0.0,0.035625771161087935
2022-06-23,VZ,0.0,0.04094488188976378
2022-06-24,VZ,0.0,0.0383187552753647
2022-06-27,VZ,0.0,0.04108182129407737
2022-06-28,VZ,0.0,0.03843686493712738
2022-06-29,VZ,0.0,0.04285436010648659
2022-06-30,VZ,0.0,0.04293990343883852
2022-07-01,VZ,0.0,0.044140126518109946
2022-07-05,VZ,0.0,0.041871270187933844
2022-07-06,VZ,0.0,0.03814681633672159
2022-07-07,VZ,0.0,0.03517369037089608
2022-07-08,VZ,0.0,0.03727669569928719
2022-07-11,VZ,0.0,0.03998920926099307
2022-07-12,VZ,0.0,0.04295496701672175
2022-07-13,VZ,0.0,0.04005372431930703
2022-07-14,VZ,0.0,0.04152549874860173
2022-07-15,VZ,0.0,0.04144440471934215
2022-07-18,VZ,0.0,0.04074132420633294
2022-07-19,VZ,0.0,0.04435241153688125
2022-07-20,VZ,0.0,0.040499226500555034
2022-07-21,VZ,0.0,0.03738134397515424
2022-07-22,VZ,-0.5,0.021707527606730375
2022-07-25,VZ,0.0,0.041769810372293784
2022-07-26,VZ,-0.5,0.022146242909316965
2022-07-27,VZ,0.0,0.03801998275261779
2022-07-28,VZ,0.0,0.037833902972454855
2022-07-29,VZ,0.0,0.04329536074754442
2022-08-01,VZ,0.0,0.03922916851949932
2022-08-02,VZ,0.0,0.03752442384463849
2022-08-03,VZ,0.0,0.039487594872792874
2022-08-04,VZ,0.0,0.039111724084091505
2022-08-05,VZ,0.0,0.0426319887822767
2022-08-08,VZ,0.0,0.03600654664484452
2022-08-09,VZ,0.0,0.03908012640389535
2022-08-10,VZ,0.0,0.04010366163128545
2022-08-11,VZ,0.0,0.03763172077946153
2022-08-12,VZ,0.0,0.03673381764018351
2022-08-15,VZ,0.0,0.03827617027988573
2022-08-16,VZ,-1.0,0.0
2022-08-17,VZ,0.0,0.04075232645121677
2022-08-18,VZ,0.0,0.03961343412113673
2022-08-19,VZ,0.0,0.03677522970861694
2022-08-22,VZ,0.0,0.041639044857817574
2022-08-23,VZ,0.0,0.04059069120148446
2022-08-24,VZ,0.0,0.04199965968655195
2022-08-25,VZ,0.0,0.042644079607415446
2022-08-26,VZ,0.0,0.039421397357850226
2022-08-29,VZ,0.0,0.04248269126802812
2022-08-30,VZ,0.0,0.04354042476541083
2022-08-31,VZ,0.0,0.042969041402461765
2022-09-01,VZ,0.0,0.042768050114557275
2022-09-02,VZ,0.0,0.041355999602346157
2022-09-06,VZ,1.0,0.08139876981109817
2022-09-07,VZ,0.0,0.0412940001905622
2022-09-08,VZ,0.0,0.03938608730316922
2022-09-09,VZ,0.0,0.03675651592782357
2022-09-12,VZ,0.0,0.04
2022-09-13,VZ,0.0,0.0399144477377079
2022-09-14,VZ,0.0,0.04538630527652027
2022-09-15,VZ,0.0,0.038091792160984676
2022-09-16,VZ,0.0,0.03955818135114308
2022-09-19,VZ,0.0,0.03911606681204055
2022-09-20,VZ,0.0,0.04282818417985349
2022-09-21,VZ,0.0,0.040462953688574416
2022-09-22,VZ,-1.0,0.0
2022-09-23,VZ,0.0,0.04480255617684854
2022-09-26,VZ,0.0,0.04407378457390633
2022-09-27,VZ,0.0,0.040367207614432
2022-09-28,VZ,0.0,0.044948921679909194
2022-09-29,VZ,0.0,0.041824858405427275
2021-09-30,XPEV,0.0,0.040268456375838924
2021-10-01,XPEV,0.0,0.0404546720336194
2021-10-04,XPEV,0.0,0.04175483266638788
2021-10-05,XPEV,0.0,0.038292663754477776
2021-10-06,XPEV,0.0,0.03912478010225469
2021-10-07,XPEV,0.0,0.03892551375640442
2021-10-08,XPEV,0.0,0.03574873744538388
2021-10-11,XPEV,0.0,0.03815360542443604
2021-10-12,XPEV,0.0,0.039850909743464925
2021-10-13,XPEV,1.0,0.08051864707925396
2021-10-14,XPEV,0.0,0.038335842280851254
2021-10-15,XPEV,0.25,0.04854933105969943
2021-10-18,XPEV,0.0,0.04260777589494527
2021-10-19,XPEV,0.0,0.03751501524625004
2021-10-20,XPEV,0.0,0.0384898729083701
2021-10-21,XPEV,0.0,0.042773025219420065
2021-10-22,XPEV,0.0,0.039788214178381104
2021-10-25,XPEV,0.3333333333333333,0.052561331076324595
2021-10-26,XPEV,0.0,0.035586567815089405
2021-10-27,XPEV,0.0,0.03754652011394496
2021-10-28,XPEV,0.0,0.04044757560439857
2021-10-29,XPEV,0.0,0.039853995204868514
2021-11-01,XPEV,0.75,0.06636607705449685
2021-11-02,XPEV,-0.5,0.020783643792420214
2021-11-03,XPEV,0.0,0.03810640480726953
2021-11-04,XPEV,0.0,0.04028553544176718
2021-11-05,XPEV,0.0,0.03663287240160957
2021-11-08,XPEV,0.0,0.03761691671962014
2021-11-09,XPEV,0.0,0.039563389598379795
2021-11-10,XPEV,0.0,0.0390647226299692
2021-11-11,XPEV,0.5,0.051985935288931175
2021-11-12,XPEV,0.0,0.03767266638760988
2021-11-15,XPEV,0.0,0.037866175530203085
2021-11-16,XPEV,0.0,0.03855032381662256
2021-11-17,XPEV,0.0,0.03901465538156712
2021-11-18,XPEV,0.0,0.0409116750906957
2021-11-19,XPEV,0.0,0.03979304274211169
2021-11-22,XPEV,0.0,0.03866788657852228
2021-11-23,XPEV,0.5,0.05363904552074386
2021-11-24,XPEV,0.3333333333333333,0.0510822114296448
2021-11-26,XPEV,-0.6666666666666666,0.01401444565937197
2021-11-29,XPEV,0.3333333333333333,0.04861114274910363
2021-11-30,XPEV,0.5,0.05182500670826334
2021-12-01,XPEV,0.0,0.03893571805477288
2021-12-02,XPEV,0.0,0.04001442606739963
2021-12-03,XPEV,0.0,0.043220137734504865
2021-12-06,XPEV,0.0,0.03814895360536512
2021-12-07,XPEV,0.0,0.03940563691990846
2021-12-08,XPEV,0.0,0.038702944221720964
2021-12-09,XPEV,0.0,0.04449033649147441
2021-12-10,XPEV,0.0,0.04027128283161306
2021-12-13,XPEV,0.0,0.037092497072877435
2021-12-14,XPEV,1.0,0.07649919746574495
2021-12-15,XPEV,0.0,0.03483258163581414
2021-12-16,XPEV,0.0,0.039366244198216035
2021-12-17,XPEV,1.0,0.07415747916388726
2021-12-20,XPEV,0.0,0.0437862202189311
2021-12-21,XPEV,0.0,0.038327853452325034
2021-12-22,XPEV,0.0,0.04093277102455967
2021-12-23,XPEV,0.0,0.03788437884378844
2021-12-27,XPEV,0.0,0.04007809261469321
2021-12-28,XPEV,0.0,0.04019138755980861
2021-12-29,XPEV,1.0,0.07332384349077528
2021-12-30,XPEV,0.6666666666666666,0.06409213069400291
2021-12-31,XPEV,0.0,0.039660290724095396
2022-01-03,XPEV,0.6666666666666666,0.061781015289100315
2022-01-04,XPEV,0.16666666666666666,0.044687215005006345
2022-01-05,XPEV,0.0,0.042344406104898646
2022-01-06,XPEV,0.0,0.041535758027584004
2022-01-07,XPEV,0.0,0.040656527631380814
2022-01-10,XPEV,0.0,0.04289064371243587
2022-01-11,XPEV,0.0,0.0350100438777654
2022-01-12,XPEV,0.0,0.0393495803823657
2022-01-13,XPEV,0.0,0.03742039171474148
2022-01-14,XPEV,0.0,0.0383753302060186
2022-01-18,XPEV,-1.0,0.0
2022-01-19,XPEV,0.0,0.03943658416628443
2022-01-20,XPEV,0.0,0.04381470214173966
2022-01-21,XPEV,0.0,0.03993820880901247
2022-01-24,XPEV,0.0,0.04097845759963098
2022-01-25,XPEV,0.0,0.03914764891676676
2022-01-26,XPEV,0.0,0.0380970869074629
2022-01-27,XPEV,-1.0,0.0
2022-01-28,XPEV,0.2,0.046702934933519846
2022-01-31,XPEV,0.0,0.03763191454945019
2022-02-01,XPEV,0.6666666666666666,0.06060014595267559
2022-02-02,XPEV,0.0,0.042847425831482905
2022-02-03,XPEV,0.0,0.040664514451770994
2022-02-04,XPEV,0.0,0.03903541839915894
2022-02-07,XPEV,0.0,0.04064429271174184
2022-02-08,XPEV,0.0,0.040478239003849815
2022-02-09,XPEV,0.6666666666666666,0.06563569923623913
2022-02-10,XPEV,0.0,0.041180062981272796
2022-02-11,XPEV,0.0,0.04435826522256385
2022-02-14,XPEV,0.0,0.03849872774953338
2022-02-15,XPEV,0.0,0.03903881700554528
2022-02-16,XPEV,0.0,0.04134961913757667
2022-02-17,XPEV,0.0,0.04111750459387209
2022-02-18,XPEV,0.0,0.04019801339876037
2022-02-22,XPEV,0.0,0.040309403381589205
2022-02-23,XPEV,0.0,0.042994398592272276
2022-02-24,XPEV,0.0,0.04066835933436894
2022-02-25,XPEV,0.0,0.03650233884052573
2022-02-28,XPEV,0.0,0.03743378671827441
2022-03-01,XPEV,0.0,0.04137107677123437
2022-03-02,XPEV,0.0,0.04144041154615605
2022-03-03,XPEV,-1.0,0.0
2022-03-04,XPEV,0.0,0.04059776044724075
2022-03-07,XPEV,0.0,0.044470571663880666
2022-03-08,XPEV,0.0,0.042587215390808786
2022-03-09,XPEV,0.0,0.041936700776357236
2022-03-10,XPEV,0.0,0.04114634393608941
2022-03-11,XPEV,0.0,0.04105453813644597
2022-03-14,XPEV,0.5,0.06388860409967015
2022-03-15,XPEV,0.0,0.037388118886664906
2022-03-16,XPEV,0.0,0.03860922546126971
2022-03-17,XPEV,0.0,0.03943764834763557
2022-03-18,XPEV,0.0,0.038225187042047706
2022-03-21,XPEV,0.0,0.03699197438082824
2022-03-22,XPEV,0.0,0.0401822140001
2022-03-23,XPEV,0.0,0.03922940076330074
2022-03-24,XPEV,0.0,0.0393835717185505
2022-03-25,XPEV,0.0,0.040969947243063964
2022-03-28,XPEV,0.5,0.057495971704988394
2022-03-29,XPEV,0.5,0.05382563108423421
2022-03-30,XPEV,0.0,0.038937739349428006
2022-03-31,XPEV,0.0,0.041880051661098344
2022-04-01,XPEV,1.0,0.07628728790746947
2022-04-04,XPEV,0.0,0.0382390671931725
2022-04-05,XPEV,0.0,0.038390907887549244
2022-04-06,XPEV,0.0,0.04273898088949882
2022-04-07,XPEV,0.0,0.041331304073072665
2022-04-08,XPEV,0.0,0.039445933117280924
2022-04-11,XPEV,0.0,0.03898456860825923
2022-04-12,XPEV,0.0,0.041206282253291995
2022-04-13,XPEV,0.0,0.04054697692397959
2022-04-14,XPEV,0.0,0.04033641544545243
2022-04-18,XPEV,0.0,0.03952532668421296
2022-04-19,XPEV,0.0,0.039848275295438676
2022-04-20,XPEV,0.0,0.04360877717140296
2022-04-21,XPEV,0.0,0.041778633035635136
2022-04-22,XPEV,0.0,0.04160269144205021
2022-04-25,XPEV,0.0,0.04592951051346838
2022-04-26,XPEV,0.0,0.03998035502947359
2022-04-27,XPEV,0.0,0.04495656939885176
2022-04-28,XPEV,0.0,0.040314509408532664
2022-04-29,XPEV,0.0,0.041789268446956004
2022-05-02,XPEV,-1.0,0.0
2022-05-03,XPEV,0.0,0.03828200498604768
2022-05-04,XPEV,0.0,0.03628848055213395
2022-05-05,XPEV,0.0,0.04258852902196842
2022-05-06,XPEV,0.0,0.03883774004904557
2022-05-09,XPEV,0.0,0.0383713184585807
2022-05-10,XPEV,-1.0,0.0
2022-05-11,XPEV,0.0,0.0398834418214438
2022-05-12,XPEV,0.0,0.045810260017411716
2022-05-13,XPEV,0.0,0.04186510463794823
2022-05-16,XPEV,0.0,0.03804601872686361
2022-05-17,XPEV,0.0,0.03897082100712828
2022-05-18,XPEV,0.0,0.043679958718115745
2022-05-19,XPEV,0.0,0.04451720774696949
2022-05-20,XPEV,0.0,0.041321238889123785
2022-05-23,XPEV,0.75,0.06680570178485484
2022-05-24,XPEV,0.0,0.047003586080773804
2022-05-25,XPEV,0.0,0.041061884010048316
2022-05-26,XPEV,0.0,0.03895922621634697
2022-05-27,XPEV,0.0,0.03662066420881741
2022-05-31,XPEV,0.0,0.04241729042137388
2022-06-01,XPEV,0.0,0.03900910828885103
2022-06-02,XPEV,0.0,0.039586427510567804
2022-06-03,XPEV,0.0,0.03988797205371209
2022-06-06,XPEV,0.0,0.03642592097493045
2022-06-07,XPEV,0.0,0.043535502610832735
2022-06-08,XPEV,0.0,0.042900403768506054
2022-06-09,XPEV,0.0,0.039996669546121584
2022-06-10,XPEV,0.0,0.04664119227861339
2022-06-13,XPEV,0.0,0.04454348637172364
2022-06-14,XPEV,0.0,0.04193920803522313
2022-06-15,XPEV,0.0,0.04185521899248509
2022-06-16,XPEV,0.0,0.04187750270598836
2022-06-17,XPEV,0.0,0.041723308585172016
2022-06-21,XPEV,0.0,0.039089105392519766
2022-06-22,XPEV,0.0,0.035625771161087935
2022-06-23,XPEV,0.0,0.04094488188976378
2022-06-24,XPEV,0.0,0.0383187552753647
2022-06-27,XPEV,0.0,0.04108182129407737
2022-06-28,XPEV,0.0,0.03843686493712738
2022-06-29,XPEV,0.0,0.04285436010648659
2022-06-30,XPEV,0.0,0.04293990343883852
2022-07-01,XPEV,0.0,0.044140126518109946
2022-07-05,XPEV,0.0,0.041871270187933844
2022-07-06,XPEV,0.0,0.03814681633672159
2022-07-07,XPEV,0.0,0.03517369037089608
2022-07-08,XPEV,0.0,0.03727669569928719
2022-07-11,XPEV,0.0,0.03998920926099307
2022-07-12,XPEV,0.0,0.04295496701672175
2022-07-13,XPEV,0.0,0.04005372431930703
2022-07-14,XPEV,0.0,0.04152549874860173
2022-07-15,XPEV,0.0,0.04144440471934215
2022-07-18,XPEV,0.0,0.04074132420633294
2022-07-19,XPEV,0.0,0.04435241153688125
2022-07-20,XPEV,0.0,0.040499226500555034
2022-07-21,XPEV,0.0,0.03738134397515424
2022-07-22,XPEV,0.0,0.04341505521346075
2022-07-25,XPEV,0.0,0.041769810372293784
2022-07-26,XPEV,0.0,0.04429248581863393
2022-07-27,XPEV,0.0,0.03801998275261779
2022-07-28,XPEV,0.0,0.037833902972454855
2022-07-29,XPEV,0.0,0.04329536074754442
2022-08-01,XPEV,0.0,0.03922916851949932
2022-08-02,XPEV,0.0,0.03752442384463849
2022-08-03,XPEV,0.0,0.039487594872792874
2022-08-04,XPEV,0.0,0.039111724084091505
2022-08-05,XPEV,0.0,0.0426319887822767
2022-08-08,XPEV,0.0,0.03600654664484452
2022-08-09,XPEV,0.0,0.03908012640389535
2022-08-10,XPEV,0.0,0.04010366163128545
2022-08-11,XPEV,0.0,0.03763172077946153
2022-08-12,XPEV,0.0,0.03673381764018351
2022-08-15,XPEV,0.0,0.03827617027988573
2022-08-16,XPEV,0.0,0.04009006617714655
2022-08-17,XPEV,0.0,0.04075232645121677
2022-08-18,XPEV,0.0,0.03961343412113673
2022-08-19,XPEV,0.0,0.03677522970861694
2022-08-22,XPEV,0.0,0.041639044857817574
2022-08-23,XPEV,0.5,0.06088603680222669
2022-08-24,XPEV,0.0,0.04199965968655195
2022-08-25,XPEV,-1.0,0.0
2022-08-26,XPEV,0.0,0.039421397357850226
2022-08-29,XPEV,0.0,0.04248269126802812
2022-08-30,XPEV,0.0,0.04354042476541083
2022-08-31,XPEV,0.0,0.042969041402461765
2022-09-01,XPEV,0.0,0.042768050114557275
2022-09-02,XPEV,0.0,0.041355999602346157
2022-09-06,XPEV,0.0,0.040699384905549085
2022-09-07,XPEV,0.0,0.0412940001905622
2022-09-08,XPEV,0.0,0.03938608730316922
2022-09-09,XPEV,0.0,0.03675651592782357
2022-09-12,XPEV,0.0,0.04
2022-09-13,XPEV,0.0,0.0399144477377079
2022-09-14,XPEV,0.0,0.04538630527652027
2022-09-15,XPEV,0.0,0.038091792160984676
2022-09-16,XPEV,0.0,0.03955818135114308
2022-09-19,XPEV,1.0,0.0782321336240811
2022-09-20,XPEV,0.0,0.04282818417985349
2022-09-21,XPEV,0.0,0.040462953688574416
2022-09-22,XPEV,0.0,0.060132477747878284
2022-09-23,XPEV,0.0,0.04480255617684854
2022-09-26,XPEV,-1.0,0.0
2022-09-27,XPEV,0.0,0.040367207614432
2022-09-28,XPEV,0.0,0.044948921679909194
2022-09-29,XPEV,0.0,0.041824858405427275
2021-09-30,ZS,0.0,0.040268456375838924
2021-10-01,ZS,0.0,0.0404546720336194
2021-10-04,ZS,0.0,0.04175483266638788
2021-10-05,ZS,0.0,0.038292663754477776
2021-10-06,ZS,0.0,0.03912478010225469
2021-10-07,ZS,0.0,0.03892551375640442
2021-10-08,ZS,0.0,0.03574873744538388
2021-10-11,ZS,0.0,0.03815360542443604
2021-10-12,ZS,0.0,0.039850909743464925
2021-10-13,ZS,-0.3333333333333333,0.026839549026417994
2021-10-14,ZS,0.0,0.038335842280851254
2021-10-15,ZS,0.0,0.03883946484775954
2021-10-18,ZS,-1.0,0.0
2021-10-19,ZS,0.5,0.056272522869375056
2021-10-20,ZS,0.0,0.0384898729083701
2021-10-21,ZS,0.0,0.042773025219420065
2021-10-22,ZS,0.0,0.039788214178381104
2021-10-25,ZS,-1.0,0.0
2021-10-26,ZS,0.0,0.035586567815089405
2021-10-27,ZS,0.0,0.03754652011394496
2021-10-28,ZS,0.0,0.04044757560439857
2021-10-29,ZS,1.0,0.07970799040973703
2021-11-01,ZS,0.0,0.037923472602569626
2021-11-02,ZS,0.0,0.04156728758484043
2021-11-03,ZS,0.0,0.03810640480726953
2021-11-04,ZS,0.0,0.04028553544176718
2021-11-05,ZS,1.0,0.07326574480321914
2021-11-08,ZS,0.0,0.03761691671962014
2021-11-09,ZS,0.0,0.039563389598379795
2021-11-10,ZS,0.0,0.0390647226299692
2021-11-11,ZS,0.0,0.03465729019262079
2021-11-12,ZS,0.0,0.03767266638760988
2021-11-15,ZS,0.0,0.037866175530203085
2021-11-16,ZS,0.0,0.03855032381662256
2021-11-17,ZS,0.5,0.05852198307235068
2021-11-18,ZS,0.0,0.0409116750906957
2021-11-19,ZS,0.0,0.03979304274211169
2021-11-22,ZS,0.0,0.03866788657852228
2021-11-23,ZS,1.0,0.07151872736099182
2021-11-24,ZS,0.0,0.038311658572233606
2021-11-26,ZS,0.0,0.04204333697811591
2021-11-29,ZS,0.0,0.03645835706182772
2021-11-30,ZS,1.0,0.06910000894435112
2021-12-01,ZS,0.0,0.03893571805477288
2021-12-02,ZS,0.0,0.04001442606739963
2021-12-03,ZS,0.0,0.043220137734504865
2021-12-06,ZS,1.0,0.07629790721073024
2021-12-07,ZS,0.0,0.03940563691990846
2021-12-08,ZS,0.0,0.038702944221720964
2021-12-09,ZS,-0.5,0.022245168245737204
2021-12-10,ZS,0.0,0.04027128283161306
2021-12-13,ZS,0.0,0.037092497072877435
2021-12-14,ZS,-1.0,0.0
2021-12-15,ZS,0.0,0.03483258163581414
2021-12-16,ZS,0.0,0.039366244198216035
2021-12-17,ZS,0.0,0.03707873958194363
2021-12-20,ZS,0.0,0.0437862202189311
2021-12-21,ZS,0.0,0.038327853452325034
2021-12-22,ZS,0.0,0.04093277102455967
2021-12-23,ZS,0.0,0.03788437884378844
2021-12-27,ZS,0.0,0.04007809261469321
2021-12-28,ZS,0.0,0.04019138755980861
2021-12-29,ZS,0.0,0.03666192174538764
2021-12-30,ZS,0.0,0.03845527841640175
2021-12-31,ZS,0.0,0.039660290724095396
2022-01-03,ZS,0.0,0.03706860917346019
2022-01-04,ZS,0.0,0.03830332714714829
2022-01-05,ZS,-0.3333333333333333,0.028229604069932433
2022-01-06,ZS,0.0,0.041535758027584004
2022-01-07,ZS,0.0,0.040656527631380814
2022-01-10,ZS,0.0,0.04289064371243587
2022-01-11,ZS,0.0,0.0350100438777654
2022-01-12,ZS,0.0,0.0393495803823657
2022-01-13,ZS,0.5,0.056130587572112214
2022-01-14,ZS,0.0,0.0383753302060186
2022-01-18,ZS,0.0,0.04284323271665044
2022-01-19,ZS,0.0,0.03943658416628443
2022-01-20,ZS,0.0,0.04381470214173966
2022-01-21,ZS,1.0,0.07987641761802494
2022-01-24,ZS,0.0,0.04097845759963098
2022-01-25,ZS,0.0,0.03914764891676676
2022-01-26,ZS,0.0,0.0380970869074629
2022-01-27,ZS,0.0,0.04257152176971855
2022-01-28,ZS,0.0,0.03891911244459987
2022-01-31,ZS,0.0,0.03763191454945019
2022-02-01,ZS,0.5,0.05454013135740803
2022-02-02,ZS,0.0,0.042847425831482905
2022-02-03,ZS,0.0,0.040664514451770994
2022-02-04,ZS,0.5,0.05855312759873841
2022-02-07,ZS,0.0,0.04064429271174184
2022-02-08,ZS,0.0,0.040478239003849815
2022-02-09,ZS,0.0,0.03938141954174348
2022-02-10,ZS,0.0,0.041180062981272796
2022-02-11,ZS,0.0,0.04435826522256385
2022-02-14,ZS,0.0,0.03849872774953338
2022-02-15,ZS,0.0,0.03903881700554528
2022-02-16,ZS,0.0,0.04134961913757667
2022-02-17,ZS,0.0,0.04111750459387209
2022-02-18,ZS,0.0,0.04019801339876037
2022-02-22,ZS,0.0,0.040309403381589205
2022-02-23,ZS,0.0,0.042994398592272276
2022-02-24,ZS,1.0,0.08133671866873789
2022-02-25,ZS,0.0,0.03650233884052573
2022-02-28,ZS,0.0,0.03743378671827441
2022-03-01,ZS,0.0,0.04137107677123437
2022-03-02,ZS,0.0,0.04144041154615605
2022-03-03,ZS,0.0,0.042375375198634574
2022-03-04,ZS,0.0,0.04059776044724075
2022-03-07,ZS,0.0,0.044470571663880666
2022-03-08,ZS,0.0,0.042587215390808786
2022-03-09,ZS,-1.0,0.0
2022-03-10,ZS,0.0,0.04114634393608941
2022-03-11,ZS,0.0,0.04105453813644597
2022-03-14,ZS,0.0,0.04259240273311343
2022-03-15,ZS,0.0,0.037388118886664906
2022-03-16,ZS,0.0,0.03860922546126971
2022-03-17,ZS,0.0,0.03943764834763557
2022-03-18,ZS,0.0,0.038225187042047706
2022-03-21,ZS,0.0,0.03699197438082824
2022-03-22,ZS,0.0,0.0401822140001
2022-03-23,ZS,0.0,0.03922940076330074
2022-03-24,ZS,0.0,0.0393835717185505
2022-03-25,ZS,-1.0,0.0
2022-03-28,ZS,0.0,0.038330647803325596
2022-03-29,ZS,0.0,0.03588375405615614
2022-03-30,ZS,0.0,0.038937739349428006
2022-03-31,ZS,0.0,0.041880051661098344
2022-04-01,ZS,0.0,0.038143643953734735
2022-04-04,ZS,0.0,0.0382390671931725
2022-04-05,ZS,0.0,0.038390907887549244
2022-04-06,ZS,0.0,0.04273898088949882
2022-04-07,ZS,1.0,0.08266260814614533
2022-04-08,ZS,0.0,0.039445933117280924
2022-04-11,ZS,0.0,0.03898456860825923
2022-04-12,ZS,0.0,0.041206282253291995
2022-04-13,ZS,0.0,0.04054697692397959
2022-04-14,ZS,0.0,0.04033641544545243
2022-04-18,ZS,0.0,0.03952532668421296
2022-04-19,ZS,0.0,0.039848275295438676
2022-04-20,ZS,0.0,0.04360877717140296
2022-04-21,ZS,0.0,0.041778633035635136
2022-04-22,ZS,0.0,0.04160269144205021
2022-04-25,ZS,0.0,0.04592951051346838
2022-04-26,ZS,0.0,0.03998035502947359
2022-04-27,ZS,0.0,0.04495656939885176
2022-04-28,ZS,0.0,0.040314509408532664
2022-04-29,ZS,0.0,0.041789268446956004
2022-05-02,ZS,0.0,0.04792893583723014
2022-05-03,ZS,0.0,0.03828200498604768
2022-05-04,ZS,0.0,0.03628848055213395
2022-05-05,ZS,0.0,0.04258852902196842
2022-05-06,ZS,0.0,0.03883774004904557
2022-05-09,ZS,-0.5,0.01918565922929035
2022-05-10,ZS,-0.5,0.020859814943105678
2022-05-11,ZS,0.0,0.0398834418214438
2022-05-12,ZS,0.0,0.045810260017411716
2022-05-13,ZS,0.0,0.04186510463794823
2022-05-16,ZS,0.0,0.03804601872686361
2022-05-17,ZS,0.0,0.03897082100712828
2022-05-18,ZS,0.0,0.043679958718115745
2022-05-19,ZS,0.0,0.04451720774696949
2022-05-20,ZS,0.0,0.041321238889123785
2022-05-23,ZS,0.0,0.03817468673420276
2022-05-24,ZS,0.0,0.047003586080773804
2022-05-25,ZS,0.0,0.041061884010048316
2022-05-26,ZS,0.25,0.048699032770433706
2022-05-27,ZS,0.0,0.03662066420881741
2022-05-31,ZS,0.0,0.04241729042137388
2022-06-01,ZS,0.0,0.03900910828885103
2022-06-02,ZS,0.0,0.039586427510567804
2022-06-03,ZS,0.0,0.03988797205371209
2022-06-06,ZS,0.0,0.03642592097493045
2022-06-07,ZS,0.0,0.043535502610832735
2022-06-08,ZS,0.0,0.042900403768506054
2022-06-09,ZS,0.0,0.039996669546121584
2022-06-10,ZS,0.0,0.04664119227861339
2022-06-13,ZS,0.0,0.04454348637172364
2022-06-14,ZS,0.0,0.04193920803522313
2022-06-15,ZS,0.0,0.04185521899248509
2022-06-16,ZS,0.0,0.04187750270598836
2022-06-17,ZS,0.0,0.041723308585172016
2022-06-21,ZS,0.0,0.039089105392519766
2022-06-22,ZS,0.0,0.035625771161087935
2022-06-23,ZS,0.0,0.04094488188976378
2022-06-24,ZS,0.0,0.0383187552753647
2022-06-27,ZS,0.0,0.04108182129407737
2022-06-28,ZS,1.0,0.07687372987425475
2022-06-29,ZS,0.0,0.04285436010648659
2022-06-30,ZS,1.0,0.08587980687767705
2022-07-01,ZS,0.0,0.044140126518109946
2022-07-05,ZS,0.0,0.041871270187933844
2022-07-06,ZS,0.0,0.03814681633672159
2022-07-07,ZS,0.0,0.03517369037089608
2022-07-08,ZS,0.0,0.03727669569928719
2022-07-11,ZS,0.0,0.03998920926099307
2022-07-12,ZS,0.0,0.04295496701672175
2022-07-13,ZS,0.0,0.04005372431930703
2022-07-14,ZS,0.0,0.04152549874860173
2022-07-15,ZS,0.0,0.04144440471934215
2022-07-18,ZS,0.0,0.04074132420633294
2022-07-19,ZS,0.0,0.04435241153688125
2022-07-20,ZS,0.0,0.040499226500555034
2022-07-21,ZS,0.0,0.03738134397515424
2022-07-22,ZS,0.0,0.04341505521346075
2022-07-25,ZS,0.0,0.041769810372293784
2022-07-26,ZS,0.0,0.04429248581863393
2022-07-27,ZS,0.0,0.03801998275261779
2022-07-28,ZS,0.0,0.037833902972454855
2022-07-29,ZS,-1.0,0.0
2022-08-01,ZS,0.0,0.03922916851949932
2022-08-02,ZS,0.0,0.03752442384463849
2022-08-03,ZS,0.0,0.039487594872792874
2022-08-04,ZS,0.0,0.039111724084091505
2022-08-05,ZS,0.0,0.0426319887822767
2022-08-08,ZS,0.0,0.03600654664484452
2022-08-09,ZS,0.0,0.03908012640389535
2022-08-10,ZS,0.0,0.04010366163128545
2022-08-11,ZS,0.0,0.03763172077946153
2022-08-12,ZS,0.0,0.03673381764018351
2022-08-15,ZS,0.0,0.03827617027988573
2022-08-16,ZS,0.0,0.04009006617714655
2022-08-17,ZS,0.0,0.04075232645121677
2022-08-18,ZS,0.0,0.03961343412113673
2022-08-19,ZS,0.0,0.03677522970861694
2022-08-22,ZS,0.0,0.041639044857817574
2022-08-23,ZS,-1.0,0.0
2022-08-24,ZS,0.0,0.04199965968655195
2022-08-25,ZS,0.0,0.042644079607415446
2022-08-26,ZS,0.0,0.039421397357850226
2022-08-29,ZS,0.0,0.04248269126802812
2022-08-30,ZS,0.0,0.04354042476541083
2022-08-31,ZS,0.0,0.042969041402461765
2022-09-01,ZS,-0.5,0.021384025057278638
2022-09-02,ZS,0.0,0.041355999602346157
2022-09-06,ZS,0.0,0.040699384905549085
2022-09-07,ZS,0.0,0.0412940001905622
2022-09-08,ZS,0.5,0.059079130954753825
2022-09-09,ZS,0.0,0.03675651592782357
2022-09-12,ZS,0.0,0.04
2022-09-13,ZS,0.0,0.0399144477377079
2022-09-14,ZS,0.0,0.04538630527652027
2022-09-15,ZS,0.0,0.038091792160984676
2022-09-16,ZS,0.0,0.03955818135114308
2022-09-19,ZS,0.0,0.03911606681204055
2022-09-20,ZS,0.0,0.04282818417985349
2022-09-21,ZS,0.0,0.040462953688574416
2022-09-22,ZS,0.0,0.060132477747878284
2022-09-23,ZS,0.0,0.04480255617684854
2022-09-26,ZS,0.0,0.04407378457390633
2022-09-27,ZS,1.0,0.080734415228864
2022-09-28,ZS,-1.0,0.0
2022-09-29,ZS,0.0,0.041824858405427275
